"TimeUTC","timestampInMs","requestPath","requestMethod","requestQueryString","responseStatusCode","requestId","requestUserAgent","level","environment","branch","vercelCache","type","function","host","deploymentDomain","deploymentId","durationMs","region","maxMemoryUsed","memorySize","message","projectId"
"2025-04-22 21:25:57",1745357157999,"recipe-to-cart-pvzluxdt8-poweredbyml.vercel.app/api/process-text","POST","",-1,"jlsbd-1745357152937-8f820b0d3a6b","node","info","preview","image-processing-debugging","MISS","lambda","/backend/server.js","recipe-to-cart-pvzluxdt8-poweredbyml.vercel.app","recipe-to-cart-pvzluxdt8-poweredbyml.vercel.app","dpl_EphRi4dm7zEJ5y6mAft8QpewqRUV",-1,"iad1",-1,-1,"[Process Text Job 02fc5542-87a3-4d9d-b85d-d93bdf927a28] Final Parsed Result: {
  ""extractedText"": ""FARRO WITH BEET & MINT YOGURT\nBEET&MINT\nSERVES 4 TO 6 AS A SIDE DISH / Cooking farro slowly while constantly stirring helps pull the starches out\nof the grain and lends it a creamy texture without the need for copious amounts of butter or cream. The\naddition of roasted beet purée tints this dish a really cool deep-burgundy red and imparts a sweetness\nthat is offset by the sharp, herbaceous yogurt.\nMINT YOGURT\n2 Tbsp chopped fresh mint\n1 Tbsp chopped fresh flat-leaf parsley\n1/4 cup [60 ml] Greek-style yogurt\n1 lime\n1 tsp extra-virgin olive oil\nKosher salt\nFreshly ground black pepper\n2 red beets\nKosher salt\nFreshly ground black pepper\n1 Tbsp extra-virgin olive oil\n3 shallots, minced\n4 garlic cloves, minced\n1 cup [160 g] farro\n3 sprigs fresh thyme\n1 bay leaf\n1/2 cup [120 ml] dry white wine\n2 Tbsp Buttermilk Crème Fraîche (page 55)\nBest-quality olive oil for drizzling\nTo make the mint yogurt: In a mortar and pestle, crush the mint and parsley until it looks quite pulpy and\nwet. Gradually stir in the yogurt. Add a little water to make a loose sauce. With a Microplane, grate the zest\nfrom the lime directly into the yogurt. Squeeze 1 tsp of lime juice into the sauce. Stir in the olive oil, and\nseason with salt and pepper. (Store in an airtight container in the refrigerator for up to 2 days.)\nPreheat the oven to 425°F [220°C].\nPut the beets in a small ovenproof pan, and add about 1/4 in [6 mm] water. Cover tightly with aluminum foil\nor a lid, and roast until the beets can be easily pierced with the tip of a knife, 30 to 40 minutes. Remove\nfrom the oven and let cool in the pan. When cool enough to handle, slip the skins off the beets, and cut the\nbeets into quarters.\nIn a blender, process the beets with 2 cup [120 ml] water to make a smooth purée with the consistency of\ntomato sauce. (Add more water if necessary.) Season with salt and pepper.\nFill a teakettle with 2 qt [2 L] water and bring to a boil over high heat. Remove from the heat and set aside\nwhere it will stay warm.\nIn a large, heavy pot over medium heat, warm the extra-virgin olive oil until hot but not\nshallots and garlic and cook until trang\nsmoking. Add the\nthyme"",
  ""title"": ""FARRO WITH BEET & MINT YOGURT"",
  ""yield"": {
    ""quantity"": 4,
    ""unit"": ""TO 6 AS A SIDE DISH""
  },
  ""ingredients"": [
    {
      ""quantity"": 2,
      ""unit"": ""Tbsp"",
      ""ingredient"": ""chopped fresh mint""
    },
    {
      ""quantity"": 1,
      ""unit"": ""Tbsp"",
      ""ingredient"": ""chopped fresh flat-leaf parsley""
    },
    {
      ""quantity"": 0.25,
      ""unit"": ""cup"",
      ""ingredient"": ""Greek-style yogurt""
    },
    {
      ""quantity"": 1,
      ""unit"": null,
      ""ingredient"": ""lime""
    },
    {
      ""quantity"": 1,
      ""unit"": ""tsp"",
      ""ingredient"": ""extra-virgin olive oil""
    },
    {
      ""quantity"": null,
      ""unit"": null,
      ""ingredient"": ""Kosher salt""
    },
    {
      ""quantity"": null,
      ""unit"": null,
      ""ingredient"": ""Freshly ground black pepper""
    },
    {
      ""quantity"": 2,
      ""unit"": null,
      ""ingredient"": ""red beets""
    },
    {
      ""quantity"": null,
      ""unit"": null,
      ""ingredient"": ""Kosher salt""
    },
    {
      ""quantity"": null,
      ""unit"": null,
      ""ingredient"": ""Freshly ground black pepper""
    },
    {
      ""quantity"": 1,
      ""unit"": ""Tbsp"",
      ""ingredient"": ""extra-virgin olive oil""
    },
    {
      ""quantity"": 3,
      ""unit"": null,
      ""ingredient"": ""shallots, minced""
    },
    {
      ""quantity"": 4,
      ""unit"": ""cloves"",
      ""ingredient"": ""garlic, minced""
    },
    {
      ""quantity"": 1,
      ""unit"": ""cup"",
      ""ingredient"": ""farro""
    },
    {
      ""quantity"": 3,
      ""unit"": ""sprigs"",
      ""ingredient"": ""fresh thyme""
    },
    {
      ""quantity"": 1,
      ""unit"": null,
      ""ingredient"": ""bay leaf""
    },
    {
      ""quantity"": 0.5,
      ""unit"": ""cup"",
      ""ingredient"": ""dry white wine""
    },
    {
      ""quantity"": 2,
      ""unit"": ""Tbsp"",
      ""ingredient"": ""Buttermilk Crème Fraîche (page 55)""
    },
    {
      ""quantity"": null,
      ""unit"": null,
      ""ingredient"": ""Best-quality olive oil for drizzling""
    }
  ]
}","prj_hVf7LhfynWKV0VOiitP5BJqqZVGs"
"2025-04-22 21:25:57",1745357157999,"recipe-to-cart-pvzluxdt8-poweredbyml.vercel.app/api/process-text","POST","",-1,"jlsbd-1745357152937-8f820b0d3a6b","node","info","preview","image-processing-debugging","MISS","lambda","/backend/server.js","recipe-to-cart-pvzluxdt8-poweredbyml.vercel.app","recipe-to-cart-pvzluxdt8-poweredbyml.vercel.app","dpl_EphRi4dm7zEJ5y6mAft8QpewqRUV",-1,"iad1",-1,-1,"[Process Text Job 02fc5542-87a3-4d9d-b85d-d93bdf927a28] Redis updated successfully with final result.","prj_hVf7LhfynWKV0VOiitP5BJqqZVGs"
"2025-04-22 21:25:57",1745357157912,"recipe-to-cart-pvzluxdt8-poweredbyml.vercel.app/api/process-text","POST","",-1,"jlsbd-1745357152937-8f820b0d3a6b","node","info","preview","image-processing-debugging","MISS","lambda","/backend/server.js","recipe-to-cart-pvzluxdt8-poweredbyml.vercel.app","recipe-to-cart-pvzluxdt8-poweredbyml.vercel.app","dpl_EphRi4dm7zEJ5y6mAft8QpewqRUV",-1,"iad1",-1,-1,"[Process Text Job 02fc5542-87a3-4d9d-b85d-d93bdf927a28] Text processing successful. Updating Redis status to 'completed'.","prj_hVf7LhfynWKV0VOiitP5BJqqZVGs"
"2025-04-22 21:25:57",1745357157912,"recipe-to-cart-pvzluxdt8-poweredbyml.vercel.app/api/process-text","POST","",-1,"jlsbd-1745357152937-8f820b0d3a6b","node","info","preview","image-processing-debugging","MISS","lambda","/backend/server.js","recipe-to-cart-pvzluxdt8-poweredbyml.vercel.app","recipe-to-cart-pvzluxdt8-poweredbyml.vercel.app","dpl_EphRi4dm7zEJ5y6mAft8QpewqRUV",-1,"iad1",-1,-1,"[Process Text Job 02fc5542-87a3-4d9d-b85d-d93bdf927a28] Successfully parsed 19 ingredients.","prj_hVf7LhfynWKV0VOiitP5BJqqZVGs"
"2025-04-22 21:25:57",1745357157912,"recipe-to-cart-pvzluxdt8-poweredbyml.vercel.app/api/process-text","POST","",-1,"jlsbd-1745357152937-8f820b0d3a6b","node","info","preview","image-processing-debugging","MISS","lambda","/backend/server.js","recipe-to-cart-pvzluxdt8-poweredbyml.vercel.app","recipe-to-cart-pvzluxdt8-poweredbyml.vercel.app","dpl_EphRi4dm7zEJ5y6mAft8QpewqRUV",-1,"iad1",-1,-1,"[Process Text Job 02fc5542-87a3-4d9d-b85d-d93bdf927a28] Anthropic response appears to be direct JSON.","prj_hVf7LhfynWKV0VOiitP5BJqqZVGs"
"2025-04-22 21:25:57",1745357157912,"recipe-to-cart-pvzluxdt8-poweredbyml.vercel.app/api/process-text","POST","",-1,"jlsbd-1745357152937-8f820b0d3a6b","node","info","preview","image-processing-debugging","MISS","lambda","/backend/server.js","recipe-to-cart-pvzluxdt8-poweredbyml.vercel.app","recipe-to-cart-pvzluxdt8-poweredbyml.vercel.app","dpl_EphRi4dm7zEJ5y6mAft8QpewqRUV",-1,"iad1",-1,-1,"[Process Text Job 02fc5542-87a3-4d9d-b85d-d93bdf927a28] Received response from Anthropic.","prj_hVf7LhfynWKV0VOiitP5BJqqZVGs"
"2025-04-22 21:25:57",1745357157912,"recipe-to-cart-pvzluxdt8-poweredbyml.vercel.app/api/process-text","POST","",-1,"jlsbd-1745357152937-8f820b0d3a6b","node","info","preview","image-processing-debugging","MISS","lambda","/backend/server.js","recipe-to-cart-pvzluxdt8-poweredbyml.vercel.app","recipe-to-cart-pvzluxdt8-poweredbyml.vercel.app","dpl_EphRi4dm7zEJ5y6mAft8QpewqRUV",-1,"iad1",-1,-1,"Anthropic API response received.","prj_hVf7LhfynWKV0VOiitP5BJqqZVGs"
"2025-04-22 21:25:53",1745357153048,"recipe-to-cart-pvzluxdt8-poweredbyml.vercel.app/api/process-text","POST","",-1,"jlsbd-1745357152937-8f820b0d3a6b","node","info","preview","image-processing-debugging","MISS","lambda","/backend/server.js","recipe-to-cart-pvzluxdt8-poweredbyml.vercel.app","recipe-to-cart-pvzluxdt8-poweredbyml.vercel.app","dpl_EphRi4dm7zEJ5y6mAft8QpewqRUV",-1,"iad1",-1,-1,"Calling Anthropic API...","prj_hVf7LhfynWKV0VOiitP5BJqqZVGs"
"2025-04-22 21:25:53",1745357153048,"recipe-to-cart-pvzluxdt8-poweredbyml.vercel.app/api/process-text","POST","",-1,"jlsbd-1745357152937-8f820b0d3a6b","node","info","preview","image-processing-debugging","MISS","lambda","/backend/server.js","recipe-to-cart-pvzluxdt8-poweredbyml.vercel.app","recipe-to-cart-pvzluxdt8-poweredbyml.vercel.app","dpl_EphRi4dm7zEJ5y6mAft8QpewqRUV",-1,"iad1",-1,-1,"[Process Text Job 02fc5542-87a3-4d9d-b85d-d93bdf927a28] Sending extracted text to Anthropic...","prj_hVf7LhfynWKV0VOiitP5BJqqZVGs"
"2025-04-22 21:25:53",1745357153048,"recipe-to-cart-pvzluxdt8-poweredbyml.vercel.app/api/process-text","POST","",-1,"jlsbd-1745357152937-8f820b0d3a6b","node","info","preview","image-processing-debugging","MISS","lambda","/backend/server.js","recipe-to-cart-pvzluxdt8-poweredbyml.vercel.app","recipe-to-cart-pvzluxdt8-poweredbyml.vercel.app","dpl_EphRi4dm7zEJ5y6mAft8QpewqRUV",-1,"iad1",-1,-1,"[Process Text Job 02fc5542-87a3-4d9d-b85d-d93bdf927a28] Retrieved extracted text. Length: 2154","prj_hVf7LhfynWKV0VOiitP5BJqqZVGs"
"2025-04-22 21:25:52",1745357152971,"recipe-to-cart-pvzluxdt8-poweredbyml.vercel.app/api/process-text","POST","",-1,"jlsbd-1745357152937-8f820b0d3a6b","node","info","preview","image-processing-debugging","MISS","lambda","/backend/server.js","recipe-to-cart-pvzluxdt8-poweredbyml.vercel.app","recipe-to-cart-pvzluxdt8-poweredbyml.vercel.app","dpl_EphRi4dm7zEJ5y6mAft8QpewqRUV",-1,"iad1",-1,-1,"[Process Text Job 02fc5542-87a3-4d9d-b85d-d93bdf927a28] Fetching job details from Redis...","prj_hVf7LhfynWKV0VOiitP5BJqqZVGs"
"2025-04-22 21:25:52",1745357152971,"recipe-to-cart-pvzluxdt8-poweredbyml.vercel.app/api/process-text","POST","",-1,"jlsbd-1745357152937-8f820b0d3a6b","node","info","preview","image-processing-debugging","MISS","lambda","/backend/server.js","recipe-to-cart-pvzluxdt8-poweredbyml.vercel.app","recipe-to-cart-pvzluxdt8-poweredbyml.vercel.app","dpl_EphRi4dm7zEJ5y6mAft8QpewqRUV",-1,"iad1",-1,-1,"[Process Text Job 02fc5542-87a3-4d9d-b85d-d93bdf927a28] Starting text processing (Anthropic Stage 1)...","prj_hVf7LhfynWKV0VOiitP5BJqqZVGs"
"2025-04-22 21:25:52",1745357152971,"recipe-to-cart-pvzluxdt8-poweredbyml.vercel.app/api/process-text","POST","",-1,"jlsbd-1745357152937-8f820b0d3a6b","node","info","preview","image-processing-debugging","MISS","lambda","/backend/server.js","recipe-to-cart-pvzluxdt8-poweredbyml.vercel.app","recipe-to-cart-pvzluxdt8-poweredbyml.vercel.app","dpl_EphRi4dm7zEJ5y6mAft8QpewqRUV",-1,"iad1",-1,-1,"[Process Text Job 02fc5542-87a3-4d9d-b85d-d93bdf927a28] Received Trigger Secret (masked): ...2a87","prj_hVf7LhfynWKV0VOiitP5BJqqZVGs"
"2025-04-22 21:25:52",1745357152971,"recipe-to-cart-pvzluxdt8-poweredbyml.vercel.app/api/process-text","POST","",-1,"jlsbd-1745357152937-8f820b0d3a6b","node","info","preview","image-processing-debugging","MISS","lambda","/backend/server.js","recipe-to-cart-pvzluxdt8-poweredbyml.vercel.app","recipe-to-cart-pvzluxdt8-poweredbyml.vercel.app","dpl_EphRi4dm7zEJ5y6mAft8QpewqRUV",-1,"iad1",-1,-1,"[Process Text Handler] ===== FUNCTION HANDLER ENTERED =====","prj_hVf7LhfynWKV0VOiitP5BJqqZVGs"
"2025-04-22 21:25:52",1745357152957,"recipe-to-cart-pvzluxdt8-poweredbyml.vercel.app/api/process-text","POST","",200,"jlsbd-1745357152937-8f820b0d3a6b","node","info","preview","image-processing-debugging","MISS","lambda","/backend/server.js","recipe-to-cart-pvzluxdt8-poweredbyml.vercel.app","recipe-to-cart-pvzluxdt8-poweredbyml.vercel.app","dpl_EphRi4dm7zEJ5y6mAft8QpewqRUV",5032,"iad1",437,1769,"","prj_hVf7LhfynWKV0VOiitP5BJqqZVGs"
"2025-04-22 21:25:52",1745357152727,"recipe-to-cart-pvzluxdt8-poweredbyml.vercel.app/api/process-image","POST","",-1,"jlsbd-1745357146939-84fc754df630","node","info","preview","image-processing-debugging","MISS","lambda","/backend/server.js","recipe-to-cart-pvzluxdt8-poweredbyml.vercel.app","recipe-to-cart-pvzluxdt8-poweredbyml.vercel.app","dpl_EphRi4dm7zEJ5y6mAft8QpewqRUV",-1,"iad1",-1,-1,"[Process Image Job 02fc5542-87a3-4d9d-b85d-d93bdf927a28] Redis updated successfully. Triggering /api/process-text.","prj_hVf7LhfynWKV0VOiitP5BJqqZVGs"
"2025-04-22 21:25:52",1745357152638,"recipe-to-cart-pvzluxdt8-poweredbyml.vercel.app/api/process-image","POST","",-1,"jlsbd-1745357146939-84fc754df630","node","info","preview","image-processing-debugging","MISS","lambda","/backend/server.js","recipe-to-cart-pvzluxdt8-poweredbyml.vercel.app","recipe-to-cart-pvzluxdt8-poweredbyml.vercel.app","dpl_EphRi4dm7zEJ5y6mAft8QpewqRUV",-1,"iad1",-1,-1,"[Process Image Job 02fc5542-87a3-4d9d-b85d-d93bdf927a28] Vision processing successful. Updating Redis status to 'vision_completed'.","prj_hVf7LhfynWKV0VOiitP5BJqqZVGs"
"2025-04-22 21:25:52",1745357152638,"recipe-to-cart-pvzluxdt8-poweredbyml.vercel.app/api/process-image","POST","",-1,"jlsbd-1745357146939-84fc754df630","node","info","preview","image-processing-debugging","MISS","lambda","/backend/server.js","recipe-to-cart-pvzluxdt8-poweredbyml.vercel.app","recipe-to-cart-pvzluxdt8-poweredbyml.vercel.app","dpl_EphRi4dm7zEJ5y6mAft8QpewqRUV",-1,"iad1",-1,-1,"[Process Image Job 02fc5542-87a3-4d9d-b85d-d93bdf927a28] Successfully extracted text from Vision API. Length: 2154. Duration: 1138ms. (Timestamp: 1745357152637)","prj_hVf7LhfynWKV0VOiitP5BJqqZVGs"
"2025-04-22 21:25:52",1745357152534,"recipe-to-cart-pvzluxdt8-poweredbyml.vercel.app/api/process-text","POST","",-1,"7skvg-1745357149943-7128d840e409","node","info","preview","image-processing-debugging","MISS","lambda","/backend/server.js","recipe-to-cart-pvzluxdt8-poweredbyml.vercel.app","recipe-to-cart-pvzluxdt8-poweredbyml.vercel.app","dpl_EphRi4dm7zEJ5y6mAft8QpewqRUV",-1,"iad1",-1,-1,"[Process Text Job 800ba75d-3908-4808-abd0-a5890a44f94d] Final Parsed Result: {
  ""extractedText"": ""Store in an airtight container in the refrigerator for up to 5 days. W\nMOJO DE AJO\nMAKES ABOUT 2 CUPS [480 ML] / This simple sauce of garlic caramelized in olive oil with lots of fresh citrus\ngoes well with a wide range of ingredients. We use it as a marinade and as a glaze to brush on vegetables,\nmeat, or fish as they cook.\n1/2 cup [120 ml] extra-virgin olive oil\n30 garlic cloves, peeled\n1/2 cup [120 ml] fresh lime juice\n1 tsp dried oregano\n1/2 tsp crushed red pepper flakes\nKosher salt\n1/2 cup [120 ml] fresh orange juice\nPreheat the oven to 350°F [180°C].\nIn a small cast-iron or other type of ovenproof pan, combine the olive oil and garlic, making sure that the\ngarlic is completely submerged. Place in the oven and cook until the garlic is very soft and golden brown,\nabout 45 minutes. Stir in the lime juice and orange juice and return to the oven until slightly thickened,\nabout 15 minutes longer. Remove from the oven and let cool slightly.\nWith a fork, smash the garlic to make a rough paste. Stir in the oregano and red pepper flakes. Taste and\nseason with salt. The sauce will not emulsify; it will be very oily, and must be stirred before use.\nStore in an airtight container in the refrigerator for up to 1 month. Bring to room temperature before using.\n54/ GJELINA"",
  ""title"": ""MOJO DE AJO"",
  ""yield"": {
    ""quantity"": 2,
    ""unit"": ""cups""
  },
  ""ingredients"": [
    {
      ""quantity"": 0.5,
      ""unit"": ""cup"",
      ""ingredient"": ""extra-virgin olive oil""
    },
    {
      ""quantity"": 30,
      ""unit"": ""cloves"",
      ""ingredient"": ""garlic, peeled""
    },
    {
      ""quantity"": 0.5,
      ""unit"": ""cup"",
      ""ingredient"": ""fresh lime juice""
    },
    {
      ""quantity"": 1,
      ""unit"": ""tsp"",
      ""ingredient"": ""dried oregano""
    },
    {
      ""quantity"": 0.5,
      ""unit"": ""tsp"",
      ""ingredient"": ""crushed red pepper flakes""
    },
    {
      ""quantity"": null,
      ""unit"": null,
      ""ingredient"": ""Kosher salt""
    },
    {
      ""quantity"": 0.5,
      ""unit"": ""cup"",
      ""ingredient"": ""fresh orange juice""
    }
  ]
}","prj_hVf7LhfynWKV0VOiitP5BJqqZVGs"
"2025-04-22 21:25:52",1745357152534,"recipe-to-cart-pvzluxdt8-poweredbyml.vercel.app/api/process-text","POST","",-1,"7skvg-1745357149943-7128d840e409","node","info","preview","image-processing-debugging","MISS","lambda","/backend/server.js","recipe-to-cart-pvzluxdt8-poweredbyml.vercel.app","recipe-to-cart-pvzluxdt8-poweredbyml.vercel.app","dpl_EphRi4dm7zEJ5y6mAft8QpewqRUV",-1,"iad1",-1,-1,"[Process Text Job 800ba75d-3908-4808-abd0-a5890a44f94d] Redis updated successfully with final result.","prj_hVf7LhfynWKV0VOiitP5BJqqZVGs"
"2025-04-22 21:25:52",1745357152456,"recipe-to-cart-pvzluxdt8-poweredbyml.vercel.app/api/process-text","POST","",-1,"7skvg-1745357149943-7128d840e409","node","info","preview","image-processing-debugging","MISS","lambda","/backend/server.js","recipe-to-cart-pvzluxdt8-poweredbyml.vercel.app","recipe-to-cart-pvzluxdt8-poweredbyml.vercel.app","dpl_EphRi4dm7zEJ5y6mAft8QpewqRUV",-1,"iad1",-1,-1,"[Process Text Job 800ba75d-3908-4808-abd0-a5890a44f94d] Text processing successful. Updating Redis status to 'completed'.","prj_hVf7LhfynWKV0VOiitP5BJqqZVGs"
"2025-04-22 21:25:52",1745357152456,"recipe-to-cart-pvzluxdt8-poweredbyml.vercel.app/api/process-text","POST","",-1,"7skvg-1745357149943-7128d840e409","node","info","preview","image-processing-debugging","MISS","lambda","/backend/server.js","recipe-to-cart-pvzluxdt8-poweredbyml.vercel.app","recipe-to-cart-pvzluxdt8-poweredbyml.vercel.app","dpl_EphRi4dm7zEJ5y6mAft8QpewqRUV",-1,"iad1",-1,-1,"[Process Text Job 800ba75d-3908-4808-abd0-a5890a44f94d] Successfully parsed 7 ingredients.","prj_hVf7LhfynWKV0VOiitP5BJqqZVGs"
"2025-04-22 21:25:52",1745357152456,"recipe-to-cart-pvzluxdt8-poweredbyml.vercel.app/api/process-text","POST","",-1,"7skvg-1745357149943-7128d840e409","node","info","preview","image-processing-debugging","MISS","lambda","/backend/server.js","recipe-to-cart-pvzluxdt8-poweredbyml.vercel.app","recipe-to-cart-pvzluxdt8-poweredbyml.vercel.app","dpl_EphRi4dm7zEJ5y6mAft8QpewqRUV",-1,"iad1",-1,-1,"[Process Text Job 800ba75d-3908-4808-abd0-a5890a44f94d] Anthropic response appears to be direct JSON.","prj_hVf7LhfynWKV0VOiitP5BJqqZVGs"
"2025-04-22 21:25:52",1745357152456,"recipe-to-cart-pvzluxdt8-poweredbyml.vercel.app/api/process-text","POST","",-1,"7skvg-1745357149943-7128d840e409","node","info","preview","image-processing-debugging","MISS","lambda","/backend/server.js","recipe-to-cart-pvzluxdt8-poweredbyml.vercel.app","recipe-to-cart-pvzluxdt8-poweredbyml.vercel.app","dpl_EphRi4dm7zEJ5y6mAft8QpewqRUV",-1,"iad1",-1,-1,"[Process Text Job 800ba75d-3908-4808-abd0-a5890a44f94d] Received response from Anthropic.","prj_hVf7LhfynWKV0VOiitP5BJqqZVGs"
"2025-04-22 21:25:52",1745357152456,"recipe-to-cart-pvzluxdt8-poweredbyml.vercel.app/api/process-text","POST","",-1,"7skvg-1745357149943-7128d840e409","node","info","preview","image-processing-debugging","MISS","lambda","/backend/server.js","recipe-to-cart-pvzluxdt8-poweredbyml.vercel.app","recipe-to-cart-pvzluxdt8-poweredbyml.vercel.app","dpl_EphRi4dm7zEJ5y6mAft8QpewqRUV",-1,"iad1",-1,-1,"Anthropic API response received.","prj_hVf7LhfynWKV0VOiitP5BJqqZVGs"
"2025-04-22 21:25:51",1745357151638,"recipe-to-cart-pvzluxdt8-poweredbyml.vercel.app/api/process-text","POST","",-1,"6fmw6-1745357149440-88044359ba6f","node","info","preview","image-processing-debugging","MISS","lambda","/backend/server.js","recipe-to-cart-pvzluxdt8-poweredbyml.vercel.app","recipe-to-cart-pvzluxdt8-poweredbyml.vercel.app","dpl_EphRi4dm7zEJ5y6mAft8QpewqRUV",-1,"iad1",-1,-1,"[Process Text Job 6f3e7dc0-6de1-4862-a571-054d7f2e7087] Final Parsed Result: {
  ""extractedText"": ""CHERRY TOMATO CONFIT\nMAKES 4 CUPS [800 G] / This confit is somewhat luxurious and takes a bit of extra effort to produce, but the\nlittle pearls of tomato flesh are sweeter and more delicate than our regular Tomato Confit (page 60). We\nspoon these over grilled vegetables or fish. Try them in Grilled Summer Squash, Za'atar & Cherry Tomato\nConfit (page 181).\n2 pt [760 g] Sun Gold cherry tomatoes, stemmed\n2 cups [480 ml] extra-virgin olive oil, plus more as needed\n4 garlic cloves, smashed\n1/2 cup [15 g] basil leaves\n1 tsp kosher salt\n3 fresh thyme sprigs\nPreheat the oven to 350°F [180°C]. Bring a large pot of water to boil over high heat. Prepare an ice-water\nbath by filling a large bowl with ice water.\nUse a paring knife to score a small X in the bottom of each tomato. Plunge the tomatoes into the boiling\nwater for 20 seconds, and immediately transfer them to the ice-water bath. Work in batches, if necessary,\nuntil all the tomatoes have been blanched.\nWhen the cherry tomatoes are cool, remove them from the water. With your fingers, gently slip the tomatoes\nout of their skins and place them in a single layer in a baking dish. Pour the olive oil over the tomatoes and\nadd the garlic, basil, salt, and thyme. Cover tightly with aluminum foil and bake for 30 minutes, or until the\noil is hot but the tomatoes remain vibrant and whole. Let cool completely.\nStore in an airtight container in the refrigerator for up to 2 weeks, completely covered with olive oil to\nprevent air from reaching them."",
  ""title"": ""CHERRY TOMATO CONFIT"",
  ""yield"": {
    ""quantity"": 4,
    ""unit"": ""cups""
  },
  ""ingredients"": [
    {
      ""quantity"": 760,
      ""unit"": ""g"",
      ""ingredient"": ""Sun Gold cherry tomatoes, stemmed""
    },
    {
      ""quantity"": 480,
      ""unit"": ""ml"",
      ""ingredient"": ""extra-virgin olive oil, plus more as needed""
    },
    {
      ""quantity"": 4,
      ""unit"": ""cloves"",
      ""ingredient"": ""garlic, smashed""
    },
    {
      ""quantity"": 15,
      ""unit"": ""g"",
      ""ingredient"": ""basil leaves""
    },
    {
      ""quantity"": 1,
      ""unit"": ""tsp"",
      ""ingredient"": ""kosher salt""
    },
    {
      ""quantity"": 3,
      ""unit"": ""sprigs"",
      ""ingredient"": ""fresh thyme""
    }
  ]
}","prj_hVf7LhfynWKV0VOiitP5BJqqZVGs"
"2025-04-22 21:25:51",1745357151638,"recipe-to-cart-pvzluxdt8-poweredbyml.vercel.app/api/process-text","POST","",-1,"6fmw6-1745357149440-88044359ba6f","node","info","preview","image-processing-debugging","MISS","lambda","/backend/server.js","recipe-to-cart-pvzluxdt8-poweredbyml.vercel.app","recipe-to-cart-pvzluxdt8-poweredbyml.vercel.app","dpl_EphRi4dm7zEJ5y6mAft8QpewqRUV",-1,"iad1",-1,-1,"[Process Text Job 6f3e7dc0-6de1-4862-a571-054d7f2e7087] Redis updated successfully with final result.","prj_hVf7LhfynWKV0VOiitP5BJqqZVGs"
"2025-04-22 21:25:51",1745357151559,"recipe-to-cart-pvzluxdt8-poweredbyml.vercel.app/api/process-text","POST","",-1,"6fmw6-1745357149440-88044359ba6f","node","info","preview","image-processing-debugging","MISS","lambda","/backend/server.js","recipe-to-cart-pvzluxdt8-poweredbyml.vercel.app","recipe-to-cart-pvzluxdt8-poweredbyml.vercel.app","dpl_EphRi4dm7zEJ5y6mAft8QpewqRUV",-1,"iad1",-1,-1,"[Process Text Job 6f3e7dc0-6de1-4862-a571-054d7f2e7087] Text processing successful. Updating Redis status to 'completed'.","prj_hVf7LhfynWKV0VOiitP5BJqqZVGs"
"2025-04-22 21:25:51",1745357151559,"recipe-to-cart-pvzluxdt8-poweredbyml.vercel.app/api/process-text","POST","",-1,"6fmw6-1745357149440-88044359ba6f","node","info","preview","image-processing-debugging","MISS","lambda","/backend/server.js","recipe-to-cart-pvzluxdt8-poweredbyml.vercel.app","recipe-to-cart-pvzluxdt8-poweredbyml.vercel.app","dpl_EphRi4dm7zEJ5y6mAft8QpewqRUV",-1,"iad1",-1,-1,"[Process Text Job 6f3e7dc0-6de1-4862-a571-054d7f2e7087] Successfully parsed 6 ingredients.","prj_hVf7LhfynWKV0VOiitP5BJqqZVGs"
"2025-04-22 21:25:51",1745357151559,"recipe-to-cart-pvzluxdt8-poweredbyml.vercel.app/api/process-text","POST","",-1,"6fmw6-1745357149440-88044359ba6f","node","info","preview","image-processing-debugging","MISS","lambda","/backend/server.js","recipe-to-cart-pvzluxdt8-poweredbyml.vercel.app","recipe-to-cart-pvzluxdt8-poweredbyml.vercel.app","dpl_EphRi4dm7zEJ5y6mAft8QpewqRUV",-1,"iad1",-1,-1,"[Process Text Job 6f3e7dc0-6de1-4862-a571-054d7f2e7087] Anthropic response appears to be direct JSON.","prj_hVf7LhfynWKV0VOiitP5BJqqZVGs"
"2025-04-22 21:25:51",1745357151559,"recipe-to-cart-pvzluxdt8-poweredbyml.vercel.app/api/process-text","POST","",-1,"6fmw6-1745357149440-88044359ba6f","node","info","preview","image-processing-debugging","MISS","lambda","/backend/server.js","recipe-to-cart-pvzluxdt8-poweredbyml.vercel.app","recipe-to-cart-pvzluxdt8-poweredbyml.vercel.app","dpl_EphRi4dm7zEJ5y6mAft8QpewqRUV",-1,"iad1",-1,-1,"[Process Text Job 6f3e7dc0-6de1-4862-a571-054d7f2e7087] Received response from Anthropic.","prj_hVf7LhfynWKV0VOiitP5BJqqZVGs"
"2025-04-22 21:25:51",1745357151559,"recipe-to-cart-pvzluxdt8-poweredbyml.vercel.app/api/process-text","POST","",-1,"6fmw6-1745357149440-88044359ba6f","node","info","preview","image-processing-debugging","MISS","lambda","/backend/server.js","recipe-to-cart-pvzluxdt8-poweredbyml.vercel.app","recipe-to-cart-pvzluxdt8-poweredbyml.vercel.app","dpl_EphRi4dm7zEJ5y6mAft8QpewqRUV",-1,"iad1",-1,-1,"Anthropic API response received.","prj_hVf7LhfynWKV0VOiitP5BJqqZVGs"
"2025-04-22 21:25:51",1745357151499,"recipe-to-cart-pvzluxdt8-poweredbyml.vercel.app/api/process-image","POST","",-1,"jlsbd-1745357146939-84fc754df630","node","info","preview","image-processing-debugging","MISS","lambda","/backend/server.js","recipe-to-cart-pvzluxdt8-poweredbyml.vercel.app","recipe-to-cart-pvzluxdt8-poweredbyml.vercel.app","dpl_EphRi4dm7zEJ5y6mAft8QpewqRUV",-1,"iad1",-1,-1,"[Process Image Job 02fc5542-87a3-4d9d-b85d-d93bdf927a28] Calling Google Cloud Vision API... (Timestamp: 1745357151499)","prj_hVf7LhfynWKV0VOiitP5BJqqZVGs"
"2025-04-22 21:25:51",1745357151499,"recipe-to-cart-pvzluxdt8-poweredbyml.vercel.app/api/process-image","POST","",-1,"jlsbd-1745357146939-84fc754df630","node","info","preview","image-processing-debugging","MISS","lambda","/backend/server.js","recipe-to-cart-pvzluxdt8-poweredbyml.vercel.app","recipe-to-cart-pvzluxdt8-poweredbyml.vercel.app","dpl_EphRi4dm7zEJ5y6mAft8QpewqRUV",-1,"iad1",-1,-1,"[Process Image Job 02fc5542-87a3-4d9d-b85d-d93bdf927a28] Successfully converted HEIC to JPEG.","prj_hVf7LhfynWKV0VOiitP5BJqqZVGs"
"2025-04-22 21:25:51",1745357151115,"recipe-to-cart-pvzluxdt8-poweredbyml.vercel.app/api/process-image","POST","",-1,"2bjhp-1745357143224-6681418e2e93","node","info","preview","image-processing-debugging","MISS","lambda","/backend/server.js","recipe-to-cart-pvzluxdt8-poweredbyml.vercel.app","recipe-to-cart-pvzluxdt8-poweredbyml.vercel.app","dpl_EphRi4dm7zEJ5y6mAft8QpewqRUV",-1,"iad1",-1,-1,"Successfully initialized Upstash Redis client.
Successfully initialized Google Cloud Vision client with provided credentials.
Legacy server listening...","prj_hVf7LhfynWKV0VOiitP5BJqqZVGs"
"2025-04-22 21:25:51",1745357151102,"recipe-to-cart-pvzluxdt8-poweredbyml.vercel.app/api/process-image","POST","",-1,"2bjhp-1745357143224-6681418e2e93","node","info","preview","image-processing-debugging","MISS","lambda","/backend/server.js","recipe-to-cart-pvzluxdt8-poweredbyml.vercel.app","recipe-to-cart-pvzluxdt8-poweredbyml.vercel.app","dpl_EphRi4dm7zEJ5y6mAft8QpewqRUV",-1,"iad1",-1,-1,"[Process Image Job 15fb5628-9e48-4c6d-b46b-c61a03dfd249] Redis updated successfully. Triggering /api/process-text.","prj_hVf7LhfynWKV0VOiitP5BJqqZVGs"
"2025-04-22 21:25:51",1745357151008,"recipe-to-cart-pvzluxdt8-poweredbyml.vercel.app/api/process-image","POST","",-1,"2bjhp-1745357143224-6681418e2e93","node","info","preview","image-processing-debugging","MISS","lambda","/backend/server.js","recipe-to-cart-pvzluxdt8-poweredbyml.vercel.app","recipe-to-cart-pvzluxdt8-poweredbyml.vercel.app","dpl_EphRi4dm7zEJ5y6mAft8QpewqRUV",-1,"iad1",-1,-1,"[Process Image Job 15fb5628-9e48-4c6d-b46b-c61a03dfd249] Vision processing successful. Updating Redis status to 'vision_completed'.","prj_hVf7LhfynWKV0VOiitP5BJqqZVGs"
"2025-04-22 21:25:51",1745357151008,"recipe-to-cart-pvzluxdt8-poweredbyml.vercel.app/api/process-image","POST","",-1,"2bjhp-1745357143224-6681418e2e93","node","info","preview","image-processing-debugging","MISS","lambda","/backend/server.js","recipe-to-cart-pvzluxdt8-poweredbyml.vercel.app","recipe-to-cart-pvzluxdt8-poweredbyml.vercel.app","dpl_EphRi4dm7zEJ5y6mAft8QpewqRUV",-1,"iad1",-1,-1,"[Process Image Job 15fb5628-9e48-4c6d-b46b-c61a03dfd249] Successfully extracted text from Vision API. Length: 2614. Duration: 1411ms. (Timestamp: 1745357151002)","prj_hVf7LhfynWKV0VOiitP5BJqqZVGs"
"2025-04-22 21:25:50",1745357150105,"recipe-to-cart-pvzluxdt8-poweredbyml.vercel.app/api/process-text","POST","",-1,"7skvg-1745357149943-7128d840e409","node","info","preview","image-processing-debugging","MISS","lambda","/backend/server.js","recipe-to-cart-pvzluxdt8-poweredbyml.vercel.app","recipe-to-cart-pvzluxdt8-poweredbyml.vercel.app","dpl_EphRi4dm7zEJ5y6mAft8QpewqRUV",-1,"iad1",-1,-1,"Calling Anthropic API...","prj_hVf7LhfynWKV0VOiitP5BJqqZVGs"
"2025-04-22 21:25:50",1745357150105,"recipe-to-cart-pvzluxdt8-poweredbyml.vercel.app/api/process-text","POST","",-1,"7skvg-1745357149943-7128d840e409","node","info","preview","image-processing-debugging","MISS","lambda","/backend/server.js","recipe-to-cart-pvzluxdt8-poweredbyml.vercel.app","recipe-to-cart-pvzluxdt8-poweredbyml.vercel.app","dpl_EphRi4dm7zEJ5y6mAft8QpewqRUV",-1,"iad1",-1,-1,"[Process Text Job 800ba75d-3908-4808-abd0-a5890a44f94d] Sending extracted text to Anthropic...","prj_hVf7LhfynWKV0VOiitP5BJqqZVGs"
"2025-04-22 21:25:50",1745357150105,"recipe-to-cart-pvzluxdt8-poweredbyml.vercel.app/api/process-text","POST","",-1,"7skvg-1745357149943-7128d840e409","node","info","preview","image-processing-debugging","MISS","lambda","/backend/server.js","recipe-to-cart-pvzluxdt8-poweredbyml.vercel.app","recipe-to-cart-pvzluxdt8-poweredbyml.vercel.app","dpl_EphRi4dm7zEJ5y6mAft8QpewqRUV",-1,"iad1",-1,-1,"[Process Text Job 800ba75d-3908-4808-abd0-a5890a44f94d] Retrieved extracted text. Length: 1282","prj_hVf7LhfynWKV0VOiitP5BJqqZVGs"
"2025-04-22 21:25:50",1745357150028,"recipe-to-cart-pvzluxdt8-poweredbyml.vercel.app/api/process-text","POST","",-1,"7skvg-1745357149943-7128d840e409","node","info","preview","image-processing-debugging","MISS","lambda","/backend/server.js","recipe-to-cart-pvzluxdt8-poweredbyml.vercel.app","recipe-to-cart-pvzluxdt8-poweredbyml.vercel.app","dpl_EphRi4dm7zEJ5y6mAft8QpewqRUV",-1,"iad1",-1,-1,"[Process Text Job 800ba75d-3908-4808-abd0-a5890a44f94d] Fetching job details from Redis...","prj_hVf7LhfynWKV0VOiitP5BJqqZVGs"
"2025-04-22 21:25:50",1745357150028,"recipe-to-cart-pvzluxdt8-poweredbyml.vercel.app/api/process-text","POST","",-1,"7skvg-1745357149943-7128d840e409","node","info","preview","image-processing-debugging","MISS","lambda","/backend/server.js","recipe-to-cart-pvzluxdt8-poweredbyml.vercel.app","recipe-to-cart-pvzluxdt8-poweredbyml.vercel.app","dpl_EphRi4dm7zEJ5y6mAft8QpewqRUV",-1,"iad1",-1,-1,"[Process Text Job 800ba75d-3908-4808-abd0-a5890a44f94d] Starting text processing (Anthropic Stage 1)...","prj_hVf7LhfynWKV0VOiitP5BJqqZVGs"
"2025-04-22 21:25:50",1745357150028,"recipe-to-cart-pvzluxdt8-poweredbyml.vercel.app/api/process-text","POST","",-1,"7skvg-1745357149943-7128d840e409","node","info","preview","image-processing-debugging","MISS","lambda","/backend/server.js","recipe-to-cart-pvzluxdt8-poweredbyml.vercel.app","recipe-to-cart-pvzluxdt8-poweredbyml.vercel.app","dpl_EphRi4dm7zEJ5y6mAft8QpewqRUV",-1,"iad1",-1,-1,"[Process Text Job 800ba75d-3908-4808-abd0-a5890a44f94d] Received Trigger Secret (masked): ...2a87","prj_hVf7LhfynWKV0VOiitP5BJqqZVGs"
"2025-04-22 21:25:50",1745357150028,"recipe-to-cart-pvzluxdt8-poweredbyml.vercel.app/api/process-text","POST","",-1,"7skvg-1745357149943-7128d840e409","node","info","preview","image-processing-debugging","MISS","lambda","/backend/server.js","recipe-to-cart-pvzluxdt8-poweredbyml.vercel.app","recipe-to-cart-pvzluxdt8-poweredbyml.vercel.app","dpl_EphRi4dm7zEJ5y6mAft8QpewqRUV",-1,"iad1",-1,-1,"[Process Text Handler] ===== FUNCTION HANDLER ENTERED =====","prj_hVf7LhfynWKV0VOiitP5BJqqZVGs"
"2025-04-22 21:25:50",1745357150001,"recipe-to-cart-pvzluxdt8-poweredbyml.vercel.app/api/process-text","POST","",200,"7skvg-1745357149943-7128d840e409","node","info","preview","image-processing-debugging","MISS","lambda","/backend/server.js","recipe-to-cart-pvzluxdt8-poweredbyml.vercel.app","recipe-to-cart-pvzluxdt8-poweredbyml.vercel.app","dpl_EphRi4dm7zEJ5y6mAft8QpewqRUV",2514,"iad1",473,1769,"","prj_hVf7LhfynWKV0VOiitP5BJqqZVGs"
"2025-04-22 21:25:49",1745357149592,"recipe-to-cart-pvzluxdt8-poweredbyml.vercel.app/api/process-image","POST","",-1,"2bjhp-1745357143224-6681418e2e93","node","info","preview","image-processing-debugging","MISS","lambda","/backend/server.js","recipe-to-cart-pvzluxdt8-poweredbyml.vercel.app","recipe-to-cart-pvzluxdt8-poweredbyml.vercel.app","dpl_EphRi4dm7zEJ5y6mAft8QpewqRUV",-1,"iad1",-1,-1,"[Process Image Job 15fb5628-9e48-4c6d-b46b-c61a03dfd249] Calling Google Cloud Vision API... (Timestamp: 1745357149591)","prj_hVf7LhfynWKV0VOiitP5BJqqZVGs"
"2025-04-22 21:25:49",1745357149592,"recipe-to-cart-pvzluxdt8-poweredbyml.vercel.app/api/process-image","POST","",-1,"2bjhp-1745357143224-6681418e2e93","node","info","preview","image-processing-debugging","MISS","lambda","/backend/server.js","recipe-to-cart-pvzluxdt8-poweredbyml.vercel.app","recipe-to-cart-pvzluxdt8-poweredbyml.vercel.app","dpl_EphRi4dm7zEJ5y6mAft8QpewqRUV",-1,"iad1",-1,-1,"[Process Image Job 15fb5628-9e48-4c6d-b46b-c61a03dfd249] Successfully converted HEIC to JPEG.","prj_hVf7LhfynWKV0VOiitP5BJqqZVGs"
"2025-04-22 21:25:49",1745357149574,"recipe-to-cart-pvzluxdt8-poweredbyml.vercel.app/api/process-text","POST","",-1,"6fmw6-1745357149440-88044359ba6f","node","info","preview","image-processing-debugging","MISS","lambda","/backend/server.js","recipe-to-cart-pvzluxdt8-poweredbyml.vercel.app","recipe-to-cart-pvzluxdt8-poweredbyml.vercel.app","dpl_EphRi4dm7zEJ5y6mAft8QpewqRUV",-1,"iad1",-1,-1,"Calling Anthropic API...","prj_hVf7LhfynWKV0VOiitP5BJqqZVGs"
"2025-04-22 21:25:49",1745357149574,"recipe-to-cart-pvzluxdt8-poweredbyml.vercel.app/api/process-text","POST","",-1,"6fmw6-1745357149440-88044359ba6f","node","info","preview","image-processing-debugging","MISS","lambda","/backend/server.js","recipe-to-cart-pvzluxdt8-poweredbyml.vercel.app","recipe-to-cart-pvzluxdt8-poweredbyml.vercel.app","dpl_EphRi4dm7zEJ5y6mAft8QpewqRUV",-1,"iad1",-1,-1,"[Process Text Job 6f3e7dc0-6de1-4862-a571-054d7f2e7087] Sending extracted text to Anthropic...","prj_hVf7LhfynWKV0VOiitP5BJqqZVGs"
"2025-04-22 21:25:49",1745357149574,"recipe-to-cart-pvzluxdt8-poweredbyml.vercel.app/api/process-text","POST","",-1,"6fmw6-1745357149440-88044359ba6f","node","info","preview","image-processing-debugging","MISS","lambda","/backend/server.js","recipe-to-cart-pvzluxdt8-poweredbyml.vercel.app","recipe-to-cart-pvzluxdt8-poweredbyml.vercel.app","dpl_EphRi4dm7zEJ5y6mAft8QpewqRUV",-1,"iad1",-1,-1,"[Process Text Job 6f3e7dc0-6de1-4862-a571-054d7f2e7087] Retrieved extracted text. Length: 1505","prj_hVf7LhfynWKV0VOiitP5BJqqZVGs"
"2025-04-22 21:25:49",1745357149497,"recipe-to-cart-pvzluxdt8-poweredbyml.vercel.app/api/process-text","POST","",-1,"6fmw6-1745357149440-88044359ba6f","node","info","preview","image-processing-debugging","MISS","lambda","/backend/server.js","recipe-to-cart-pvzluxdt8-poweredbyml.vercel.app","recipe-to-cart-pvzluxdt8-poweredbyml.vercel.app","dpl_EphRi4dm7zEJ5y6mAft8QpewqRUV",-1,"iad1",-1,-1,"[Process Text Job 6f3e7dc0-6de1-4862-a571-054d7f2e7087] Fetching job details from Redis...","prj_hVf7LhfynWKV0VOiitP5BJqqZVGs"
"2025-04-22 21:25:49",1745357149497,"recipe-to-cart-pvzluxdt8-poweredbyml.vercel.app/api/process-text","POST","",-1,"6fmw6-1745357149440-88044359ba6f","node","info","preview","image-processing-debugging","MISS","lambda","/backend/server.js","recipe-to-cart-pvzluxdt8-poweredbyml.vercel.app","recipe-to-cart-pvzluxdt8-poweredbyml.vercel.app","dpl_EphRi4dm7zEJ5y6mAft8QpewqRUV",-1,"iad1",-1,-1,"[Process Text Job 6f3e7dc0-6de1-4862-a571-054d7f2e7087] Starting text processing (Anthropic Stage 1)...","prj_hVf7LhfynWKV0VOiitP5BJqqZVGs"
"2025-04-22 21:25:49",1745357149497,"recipe-to-cart-pvzluxdt8-poweredbyml.vercel.app/api/process-text","POST","",-1,"6fmw6-1745357149440-88044359ba6f","node","info","preview","image-processing-debugging","MISS","lambda","/backend/server.js","recipe-to-cart-pvzluxdt8-poweredbyml.vercel.app","recipe-to-cart-pvzluxdt8-poweredbyml.vercel.app","dpl_EphRi4dm7zEJ5y6mAft8QpewqRUV",-1,"iad1",-1,-1,"[Process Text Job 6f3e7dc0-6de1-4862-a571-054d7f2e7087] Received Trigger Secret (masked): ...2a87","prj_hVf7LhfynWKV0VOiitP5BJqqZVGs"
"2025-04-22 21:25:49",1745357149497,"recipe-to-cart-pvzluxdt8-poweredbyml.vercel.app/api/process-text","POST","",-1,"6fmw6-1745357149440-88044359ba6f","node","info","preview","image-processing-debugging","MISS","lambda","/backend/server.js","recipe-to-cart-pvzluxdt8-poweredbyml.vercel.app","recipe-to-cart-pvzluxdt8-poweredbyml.vercel.app","dpl_EphRi4dm7zEJ5y6mAft8QpewqRUV",-1,"iad1",-1,-1,"[Process Text Handler] ===== FUNCTION HANDLER ENTERED =====","prj_hVf7LhfynWKV0VOiitP5BJqqZVGs"
"2025-04-22 21:25:49",1745357149481,"recipe-to-cart-pvzluxdt8-poweredbyml.vercel.app/api/process-text","POST","",200,"6fmw6-1745357149440-88044359ba6f","node","info","preview","image-processing-debugging","MISS","lambda","/backend/server.js","recipe-to-cart-pvzluxdt8-poweredbyml.vercel.app","recipe-to-cart-pvzluxdt8-poweredbyml.vercel.app","dpl_EphRi4dm7zEJ5y6mAft8QpewqRUV",2148,"iad1",437,1769,"","prj_hVf7LhfynWKV0VOiitP5BJqqZVGs"
"2025-04-22 21:25:49",1745357149438,"recipe-to-cart-pvzluxdt8-poweredbyml.vercel.app/api/process-image","POST","",-1,"9c87f-1745357144061-52be626d9f50","node","info","preview","image-processing-debugging","MISS","lambda","/backend/server.js","recipe-to-cart-pvzluxdt8-poweredbyml.vercel.app","recipe-to-cart-pvzluxdt8-poweredbyml.vercel.app","dpl_EphRi4dm7zEJ5y6mAft8QpewqRUV",-1,"iad1",-1,-1,"[Process Image Job 6f3e7dc0-6de1-4862-a571-054d7f2e7087] Redis updated successfully. Triggering /api/process-text.","prj_hVf7LhfynWKV0VOiitP5BJqqZVGs"
"2025-04-22 21:25:49",1745357149414,"recipe-to-cart-pvzluxdt8-poweredbyml.vercel.app/api/process-image","POST","",-1,"6pg4d-1745357141937-161214973e7c","node","info","preview","image-processing-debugging","MISS","lambda","/backend/server.js","recipe-to-cart-pvzluxdt8-poweredbyml.vercel.app","recipe-to-cart-pvzluxdt8-poweredbyml.vercel.app","dpl_EphRi4dm7zEJ5y6mAft8QpewqRUV",-1,"iad1",-1,-1,"Successfully initialized Upstash Redis client.
Successfully initialized Google Cloud Vision client with provided credentials.
Legacy server listening...","prj_hVf7LhfynWKV0VOiitP5BJqqZVGs"
"2025-04-22 21:25:49",1745357149401,"recipe-to-cart-pvzluxdt8-poweredbyml.vercel.app/api/process-image","POST","",-1,"6pg4d-1745357141937-161214973e7c","node","info","preview","image-processing-debugging","MISS","lambda","/backend/server.js","recipe-to-cart-pvzluxdt8-poweredbyml.vercel.app","recipe-to-cart-pvzluxdt8-poweredbyml.vercel.app","dpl_EphRi4dm7zEJ5y6mAft8QpewqRUV",-1,"iad1",-1,-1,"[Process Image Job 800ba75d-3908-4808-abd0-a5890a44f94d] Redis updated successfully. Triggering /api/process-text.","prj_hVf7LhfynWKV0VOiitP5BJqqZVGs"
"2025-04-22 21:25:49",1745357149315,"recipe-to-cart-pvzluxdt8-poweredbyml.vercel.app/api/process-image","POST","",-1,"6pg4d-1745357141937-161214973e7c","node","info","preview","image-processing-debugging","MISS","lambda","/backend/server.js","recipe-to-cart-pvzluxdt8-poweredbyml.vercel.app","recipe-to-cart-pvzluxdt8-poweredbyml.vercel.app","dpl_EphRi4dm7zEJ5y6mAft8QpewqRUV",-1,"iad1",-1,-1,"[Process Image Job 800ba75d-3908-4808-abd0-a5890a44f94d] Vision processing successful. Updating Redis status to 'vision_completed'.","prj_hVf7LhfynWKV0VOiitP5BJqqZVGs"
"2025-04-22 21:25:49",1745357149315,"recipe-to-cart-pvzluxdt8-poweredbyml.vercel.app/api/process-image","POST","",-1,"6pg4d-1745357141937-161214973e7c","node","info","preview","image-processing-debugging","MISS","lambda","/backend/server.js","recipe-to-cart-pvzluxdt8-poweredbyml.vercel.app","recipe-to-cart-pvzluxdt8-poweredbyml.vercel.app","dpl_EphRi4dm7zEJ5y6mAft8QpewqRUV",-1,"iad1",-1,-1,"[Process Image Job 800ba75d-3908-4808-abd0-a5890a44f94d] Successfully extracted text from Vision API. Length: 1282. Duration: 1073ms. (Timestamp: 1745357149301)","prj_hVf7LhfynWKV0VOiitP5BJqqZVGs"
"2025-04-22 21:25:49",1745357149273,"recipe-to-cart-pvzluxdt8-poweredbyml.vercel.app/api/process-image","POST","",-1,"9c87f-1745357144061-52be626d9f50","node","info","preview","image-processing-debugging","MISS","lambda","/backend/server.js","recipe-to-cart-pvzluxdt8-poweredbyml.vercel.app","recipe-to-cart-pvzluxdt8-poweredbyml.vercel.app","dpl_EphRi4dm7zEJ5y6mAft8QpewqRUV",-1,"iad1",-1,-1,"[Process Image Job 6f3e7dc0-6de1-4862-a571-054d7f2e7087] Vision processing successful. Updating Redis status to 'vision_completed'.","prj_hVf7LhfynWKV0VOiitP5BJqqZVGs"
"2025-04-22 21:25:49",1745357149273,"recipe-to-cart-pvzluxdt8-poweredbyml.vercel.app/api/process-image","POST","",-1,"9c87f-1745357144061-52be626d9f50","node","info","preview","image-processing-debugging","MISS","lambda","/backend/server.js","recipe-to-cart-pvzluxdt8-poweredbyml.vercel.app","recipe-to-cart-pvzluxdt8-poweredbyml.vercel.app","dpl_EphRi4dm7zEJ5y6mAft8QpewqRUV",-1,"iad1",-1,-1,"[Process Image Job 6f3e7dc0-6de1-4862-a571-054d7f2e7087] Successfully extracted text from Vision API. Length: 1505. Duration: 1154ms. (Timestamp: 1745357149272)","prj_hVf7LhfynWKV0VOiitP5BJqqZVGs"
"2025-04-22 21:25:48",1745357148229,"recipe-to-cart-pvzluxdt8-poweredbyml.vercel.app/api/process-image","POST","",-1,"6pg4d-1745357141937-161214973e7c","node","info","preview","image-processing-debugging","MISS","lambda","/backend/server.js","recipe-to-cart-pvzluxdt8-poweredbyml.vercel.app","recipe-to-cart-pvzluxdt8-poweredbyml.vercel.app","dpl_EphRi4dm7zEJ5y6mAft8QpewqRUV",-1,"iad1",-1,-1,"[Process Image Job 800ba75d-3908-4808-abd0-a5890a44f94d] Calling Google Cloud Vision API... (Timestamp: 1745357148228)","prj_hVf7LhfynWKV0VOiitP5BJqqZVGs"
"2025-04-22 21:25:48",1745357148229,"recipe-to-cart-pvzluxdt8-poweredbyml.vercel.app/api/process-image","POST","",-1,"6pg4d-1745357141937-161214973e7c","node","info","preview","image-processing-debugging","MISS","lambda","/backend/server.js","recipe-to-cart-pvzluxdt8-poweredbyml.vercel.app","recipe-to-cart-pvzluxdt8-poweredbyml.vercel.app","dpl_EphRi4dm7zEJ5y6mAft8QpewqRUV",-1,"iad1",-1,-1,"[Process Image Job 800ba75d-3908-4808-abd0-a5890a44f94d] Successfully converted HEIC to JPEG.","prj_hVf7LhfynWKV0VOiitP5BJqqZVGs"
"2025-04-22 21:25:48",1745357148119,"recipe-to-cart-pvzluxdt8-poweredbyml.vercel.app/api/process-image","POST","",-1,"9c87f-1745357144061-52be626d9f50","node","info","preview","image-processing-debugging","MISS","lambda","/backend/server.js","recipe-to-cart-pvzluxdt8-poweredbyml.vercel.app","recipe-to-cart-pvzluxdt8-poweredbyml.vercel.app","dpl_EphRi4dm7zEJ5y6mAft8QpewqRUV",-1,"iad1",-1,-1,"[Process Image Job 6f3e7dc0-6de1-4862-a571-054d7f2e7087] Calling Google Cloud Vision API... (Timestamp: 1745357148118)","prj_hVf7LhfynWKV0VOiitP5BJqqZVGs"
"2025-04-22 21:25:48",1745357148119,"recipe-to-cart-pvzluxdt8-poweredbyml.vercel.app/api/process-image","POST","",-1,"9c87f-1745357144061-52be626d9f50","node","info","preview","image-processing-debugging","MISS","lambda","/backend/server.js","recipe-to-cart-pvzluxdt8-poweredbyml.vercel.app","recipe-to-cart-pvzluxdt8-poweredbyml.vercel.app","dpl_EphRi4dm7zEJ5y6mAft8QpewqRUV",-1,"iad1",-1,-1,"[Process Image Job 6f3e7dc0-6de1-4862-a571-054d7f2e7087] Successfully converted HEIC to JPEG.","prj_hVf7LhfynWKV0VOiitP5BJqqZVGs"
"2025-04-22 21:25:47",1745357147682,"recipe-to-cart-pvzluxdt8-poweredbyml.vercel.app/api/process-image","POST","",-1,"jlsbd-1745357146939-84fc754df630","node","info","preview","image-processing-debugging","MISS","lambda","/backend/server.js","recipe-to-cart-pvzluxdt8-poweredbyml.vercel.app","recipe-to-cart-pvzluxdt8-poweredbyml.vercel.app","dpl_EphRi4dm7zEJ5y6mAft8QpewqRUV",-1,"iad1",-1,-1,"[Process Image Job 02fc5542-87a3-4d9d-b85d-d93bdf927a28] HEIC/HEIF file detected, attempting conversion...","prj_hVf7LhfynWKV0VOiitP5BJqqZVGs"
"2025-04-22 21:25:47",1745357147682,"recipe-to-cart-pvzluxdt8-poweredbyml.vercel.app/api/process-image","POST","",-1,"jlsbd-1745357146939-84fc754df630","node","info","preview","image-processing-debugging","MISS","lambda","/backend/server.js","recipe-to-cart-pvzluxdt8-poweredbyml.vercel.app","recipe-to-cart-pvzluxdt8-poweredbyml.vercel.app","dpl_EphRi4dm7zEJ5y6mAft8QpewqRUV",-1,"iad1",-1,-1,"[Process Image Job 02fc5542-87a3-4d9d-b85d-d93bdf927a28] Image downloaded. Size: 1616019 bytes.","prj_hVf7LhfynWKV0VOiitP5BJqqZVGs"
"2025-04-22 21:25:47",1745357147593,"recipe-to-cart-pvzluxdt8-poweredbyml.vercel.app/api/process-image","POST","",-1,"jlsbd-1745357146939-84fc754df630","node","info","preview","image-processing-debugging","MISS","lambda","/backend/server.js","recipe-to-cart-pvzluxdt8-poweredbyml.vercel.app","recipe-to-cart-pvzluxdt8-poweredbyml.vercel.app","dpl_EphRi4dm7zEJ5y6mAft8QpewqRUV",-1,"iad1",-1,-1,"[Process Image Job 02fc5542-87a3-4d9d-b85d-d93bdf927a28] Downloading image from Blob...","prj_hVf7LhfynWKV0VOiitP5BJqqZVGs"
"2025-04-22 21:25:47",1745357147593,"recipe-to-cart-pvzluxdt8-poweredbyml.vercel.app/api/process-image","POST","",-1,"jlsbd-1745357146939-84fc754df630","node","info","preview","image-processing-debugging","MISS","lambda","/backend/server.js","recipe-to-cart-pvzluxdt8-poweredbyml.vercel.app","recipe-to-cart-pvzluxdt8-poweredbyml.vercel.app","dpl_EphRi4dm7zEJ5y6mAft8QpewqRUV",-1,"iad1",-1,-1,"[Process Image Job 02fc5542-87a3-4d9d-b85d-d93bdf927a28] Retrieved blobUrl: https://bbinqkiqaoatmgyo.public.blob.vercel-storage.com/IMG_7268%202-iuUPQjo03F5vfL7zio96lvpGKkXoKm.HEIC","prj_hVf7LhfynWKV0VOiitP5BJqqZVGs"
"2025-04-22 21:25:47",1745357147593,"recipe-to-cart-pvzluxdt8-poweredbyml.vercel.app/api/process-image","POST","",-1,"jlsbd-1745357146939-84fc754df630","node","info","preview","image-processing-debugging","MISS","lambda","/backend/server.js","recipe-to-cart-pvzluxdt8-poweredbyml.vercel.app","recipe-to-cart-pvzluxdt8-poweredbyml.vercel.app","dpl_EphRi4dm7zEJ5y6mAft8QpewqRUV",-1,"iad1",-1,-1,"[Process Image Job 02fc5542-87a3-4d9d-b85d-d93bdf927a28] Retrieved job data status: pending","prj_hVf7LhfynWKV0VOiitP5BJqqZVGs"
"2025-04-22 21:25:47",1745357147510,"recipe-to-cart-pvzluxdt8-poweredbyml.vercel.app/api/process-image","POST","",-1,"jlsbd-1745357146939-84fc754df630","node","info","preview","image-processing-debugging","MISS","lambda","/backend/server.js","recipe-to-cart-pvzluxdt8-poweredbyml.vercel.app","recipe-to-cart-pvzluxdt8-poweredbyml.vercel.app","dpl_EphRi4dm7zEJ5y6mAft8QpewqRUV",-1,"iad1",-1,-1,"[Process Image Job 02fc5542-87a3-4d9d-b85d-d93bdf927a28] Fetching job details from Redis...","prj_hVf7LhfynWKV0VOiitP5BJqqZVGs"
"2025-04-22 21:25:47",1745357147510,"recipe-to-cart-pvzluxdt8-poweredbyml.vercel.app/api/process-image","POST","",-1,"jlsbd-1745357146939-84fc754df630","node","info","preview","image-processing-debugging","MISS","lambda","/backend/server.js","recipe-to-cart-pvzluxdt8-poweredbyml.vercel.app","recipe-to-cart-pvzluxdt8-poweredbyml.vercel.app","dpl_EphRi4dm7zEJ5y6mAft8QpewqRUV",-1,"iad1",-1,-1,"[Process Image Job 02fc5542-87a3-4d9d-b85d-d93bdf927a28] Starting background processing...","prj_hVf7LhfynWKV0VOiitP5BJqqZVGs"
"2025-04-22 21:25:47",1745357147510,"recipe-to-cart-pvzluxdt8-poweredbyml.vercel.app/api/process-image","POST","",-1,"jlsbd-1745357146939-84fc754df630","node","info","preview","image-processing-debugging","MISS","lambda","/backend/server.js","recipe-to-cart-pvzluxdt8-poweredbyml.vercel.app","recipe-to-cart-pvzluxdt8-poweredbyml.vercel.app","dpl_EphRi4dm7zEJ5y6mAft8QpewqRUV",-1,"iad1",-1,-1,"[Process Image Handler] Received Trigger Secret (masked): ...2a87","prj_hVf7LhfynWKV0VOiitP5BJqqZVGs"
"2025-04-22 21:25:47",1745357147510,"recipe-to-cart-pvzluxdt8-poweredbyml.vercel.app/api/process-image","POST","",-1,"jlsbd-1745357146939-84fc754df630","node","info","preview","image-processing-debugging","MISS","lambda","/backend/server.js","recipe-to-cart-pvzluxdt8-poweredbyml.vercel.app","recipe-to-cart-pvzluxdt8-poweredbyml.vercel.app","dpl_EphRi4dm7zEJ5y6mAft8QpewqRUV",-1,"iad1",-1,-1,"[Process Image Handler] ===== INVOKED =====","prj_hVf7LhfynWKV0VOiitP5BJqqZVGs"
"2025-04-22 21:25:47",1745357147509,"recipe-to-cart-pvzluxdt8-poweredbyml.vercel.app/api/process-image","POST","",-1,"jlsbd-1745357146939-84fc754df630","node","info","preview","image-processing-debugging","MISS","lambda","/backend/server.js","recipe-to-cart-pvzluxdt8-poweredbyml.vercel.app","recipe-to-cart-pvzluxdt8-poweredbyml.vercel.app","dpl_EphRi4dm7zEJ5y6mAft8QpewqRUV",-1,"iad1",-1,-1,"[Process Image Handler] ===== FUNCTION HANDLER ENTERED =====","prj_hVf7LhfynWKV0VOiitP5BJqqZVGs"
"2025-04-22 21:25:47",1745357147485,"recipe-to-cart-pvzluxdt8-poweredbyml.vercel.app/api/process-image","POST","",200,"jlsbd-1745357146939-84fc754df630","node","info","preview","image-processing-debugging","MISS","lambda","/backend/server.js","recipe-to-cart-pvzluxdt8-poweredbyml.vercel.app","recipe-to-cart-pvzluxdt8-poweredbyml.vercel.app","dpl_EphRi4dm7zEJ5y6mAft8QpewqRUV",5232,"iad1",462,1769,"","prj_hVf7LhfynWKV0VOiitP5BJqqZVGs"
"2025-04-22 21:25:46",1745357146504,"recipe-to-cart-pvzluxdt8-poweredbyml.vercel.app/api/upload","POST","",-1,"pf6hp-1745357143643-0b17dc9add41","Mozilla/5.0 (Macintosh; Intel Mac OS X 10_15_7) AppleWebKit/537.36 (KHTML, like Gecko) Chrome/134.0.0.0 Safari/537.36","info","preview","image-processing-debugging","MISS","lambda","/backend/server.js","recipe-to-cart-pvzluxdt8-poweredbyml.vercel.app","recipe-to-cart-pvzluxdt8-poweredbyml.vercel.app","dpl_EphRi4dm7zEJ5y6mAft8QpewqRUV",-1,"iad1",-1,-1,"Successfully initialized Upstash Redis client.
Successfully initialized Google Cloud Vision client with provided credentials.
Legacy server listening...
[Async Upload] Received 1 files.
[Async Upload] Processing file: IMG_7268 2.HEIC, size: 1616019 bytes
[Async Upload] Generated Job ID: 02fc5542-87a3-4d9d-b85d-d93bdf927a28
[Async Upload Job 02fc5542-87a3-4d9d-b85d-d93bdf927a28] Uploading image to Vercel Blob...
[Async Upload Job 02fc5542-87a3-4d9d-b85d-d93bdf927a28] Image uploaded to: https://bbinqkiqaoatmgyo.public.blob.vercel-storage.com/IMG_7268%202-iuUPQjo03F5vfL7zio96lvpGKkXoKm.HEIC
[Async Upload Job 02fc5542-87a3-4d9d-b85d-d93bdf927a28] Storing initial job state in Redis...
[Async Upload Job 02fc5542-87a3-4d9d-b85d-d93bdf927a28] Initial job state stored.
[Async Upload Job 02fc5542-87a3-4d9d-b85d-d93bdf927a28] Triggering background processing at: https://recipe-to-cart-pvzluxdt8-poweredbyml.vercel.app/api/process-image
[Async Upload Job 02fc5542-87a3-4d9d-b85d-d93bdf927a28] Trigger URL used: https://recipe-to-cart-pvzluxdt8-poweredbyml.vercel.app/api/process-image
[Async Upload Job 02fc5542-87a3-4d9d-b85d-d93bdf927a28] Sending trigger secret (masked): ...2a87
[Async Upload Job 02fc5542-87a3-4d9d-b85d-d93bdf927a28] Background process fetch dispatched (fire-and-forget).
[Async Upload Job 02fc5542-87a3-4d9d-b85d-d93bdf927a28] Sent 202 Accepted to client.","prj_hVf7LhfynWKV0VOiitP5BJqqZVGs"
"2025-04-22 21:25:45",1745357145501,"recipe-to-cart-pvzluxdt8-poweredbyml.vercel.app/api/process-image","POST","",-1,"2bjhp-1745357143224-6681418e2e93","node","info","preview","image-processing-debugging","MISS","lambda","/backend/server.js","recipe-to-cart-pvzluxdt8-poweredbyml.vercel.app","recipe-to-cart-pvzluxdt8-poweredbyml.vercel.app","dpl_EphRi4dm7zEJ5y6mAft8QpewqRUV",-1,"iad1",-1,-1,"[Process Image Job 15fb5628-9e48-4c6d-b46b-c61a03dfd249] HEIC/HEIF file detected, attempting conversion...","prj_hVf7LhfynWKV0VOiitP5BJqqZVGs"
"2025-04-22 21:25:45",1745357145501,"recipe-to-cart-pvzluxdt8-poweredbyml.vercel.app/api/process-image","POST","",-1,"2bjhp-1745357143224-6681418e2e93","node","info","preview","image-processing-debugging","MISS","lambda","/backend/server.js","recipe-to-cart-pvzluxdt8-poweredbyml.vercel.app","recipe-to-cart-pvzluxdt8-poweredbyml.vercel.app","dpl_EphRi4dm7zEJ5y6mAft8QpewqRUV",-1,"iad1",-1,-1,"[Process Image Job 15fb5628-9e48-4c6d-b46b-c61a03dfd249] Image downloaded. Size: 1922558 bytes.","prj_hVf7LhfynWKV0VOiitP5BJqqZVGs"
"2025-04-22 21:25:45",1745357145405,"recipe-to-cart-pvzluxdt8-poweredbyml.vercel.app/api/process-image","POST","",-1,"2bjhp-1745357143224-6681418e2e93","node","info","preview","image-processing-debugging","MISS","lambda","/backend/server.js","recipe-to-cart-pvzluxdt8-poweredbyml.vercel.app","recipe-to-cart-pvzluxdt8-poweredbyml.vercel.app","dpl_EphRi4dm7zEJ5y6mAft8QpewqRUV",-1,"iad1",-1,-1,"[Process Image Job 15fb5628-9e48-4c6d-b46b-c61a03dfd249] Downloading image from Blob...","prj_hVf7LhfynWKV0VOiitP5BJqqZVGs"
"2025-04-22 21:25:45",1745357145405,"recipe-to-cart-pvzluxdt8-poweredbyml.vercel.app/api/process-image","POST","",-1,"2bjhp-1745357143224-6681418e2e93","node","info","preview","image-processing-debugging","MISS","lambda","/backend/server.js","recipe-to-cart-pvzluxdt8-poweredbyml.vercel.app","recipe-to-cart-pvzluxdt8-poweredbyml.vercel.app","dpl_EphRi4dm7zEJ5y6mAft8QpewqRUV",-1,"iad1",-1,-1,"[Process Image Job 15fb5628-9e48-4c6d-b46b-c61a03dfd249] Retrieved blobUrl: https://bbinqkiqaoatmgyo.public.blob.vercel-storage.com/IMG_7181-B1xm0NXqBMCKLRmT4prKHspAqImAjO.HEIC","prj_hVf7LhfynWKV0VOiitP5BJqqZVGs"
"2025-04-22 21:25:45",1745357145405,"recipe-to-cart-pvzluxdt8-poweredbyml.vercel.app/api/process-image","POST","",-1,"2bjhp-1745357143224-6681418e2e93","node","info","preview","image-processing-debugging","MISS","lambda","/backend/server.js","recipe-to-cart-pvzluxdt8-poweredbyml.vercel.app","recipe-to-cart-pvzluxdt8-poweredbyml.vercel.app","dpl_EphRi4dm7zEJ5y6mAft8QpewqRUV",-1,"iad1",-1,-1,"[Process Image Job 15fb5628-9e48-4c6d-b46b-c61a03dfd249] Retrieved job data status: pending","prj_hVf7LhfynWKV0VOiitP5BJqqZVGs"
"2025-04-22 21:25:45",1745357145202,"recipe-to-cart-pvzluxdt8-poweredbyml.vercel.app/api/process-image","POST","",-1,"2bjhp-1745357143224-6681418e2e93","node","info","preview","image-processing-debugging","MISS","lambda","/backend/server.js","recipe-to-cart-pvzluxdt8-poweredbyml.vercel.app","recipe-to-cart-pvzluxdt8-poweredbyml.vercel.app","dpl_EphRi4dm7zEJ5y6mAft8QpewqRUV",-1,"iad1",-1,-1,"[Process Image Job 15fb5628-9e48-4c6d-b46b-c61a03dfd249] Fetching job details from Redis...","prj_hVf7LhfynWKV0VOiitP5BJqqZVGs"
"2025-04-22 21:25:45",1745357145202,"recipe-to-cart-pvzluxdt8-poweredbyml.vercel.app/api/process-image","POST","",-1,"2bjhp-1745357143224-6681418e2e93","node","info","preview","image-processing-debugging","MISS","lambda","/backend/server.js","recipe-to-cart-pvzluxdt8-poweredbyml.vercel.app","recipe-to-cart-pvzluxdt8-poweredbyml.vercel.app","dpl_EphRi4dm7zEJ5y6mAft8QpewqRUV",-1,"iad1",-1,-1,"[Process Image Job 15fb5628-9e48-4c6d-b46b-c61a03dfd249] Starting background processing...","prj_hVf7LhfynWKV0VOiitP5BJqqZVGs"
"2025-04-22 21:25:45",1745357145202,"recipe-to-cart-pvzluxdt8-poweredbyml.vercel.app/api/process-image","POST","",-1,"2bjhp-1745357143224-6681418e2e93","node","info","preview","image-processing-debugging","MISS","lambda","/backend/server.js","recipe-to-cart-pvzluxdt8-poweredbyml.vercel.app","recipe-to-cart-pvzluxdt8-poweredbyml.vercel.app","dpl_EphRi4dm7zEJ5y6mAft8QpewqRUV",-1,"iad1",-1,-1,"[Process Image Handler] Received Trigger Secret (masked): ...2a87","prj_hVf7LhfynWKV0VOiitP5BJqqZVGs"
"2025-04-22 21:25:45",1745357145202,"recipe-to-cart-pvzluxdt8-poweredbyml.vercel.app/api/process-image","POST","",-1,"2bjhp-1745357143224-6681418e2e93","node","info","preview","image-processing-debugging","MISS","lambda","/backend/server.js","recipe-to-cart-pvzluxdt8-poweredbyml.vercel.app","recipe-to-cart-pvzluxdt8-poweredbyml.vercel.app","dpl_EphRi4dm7zEJ5y6mAft8QpewqRUV",-1,"iad1",-1,-1,"[Process Image Handler] ===== INVOKED =====","prj_hVf7LhfynWKV0VOiitP5BJqqZVGs"
"2025-04-22 21:25:45",1745357145201,"recipe-to-cart-pvzluxdt8-poweredbyml.vercel.app/api/process-image","POST","",-1,"2bjhp-1745357143224-6681418e2e93","node","info","preview","image-processing-debugging","MISS","lambda","/backend/server.js","recipe-to-cart-pvzluxdt8-poweredbyml.vercel.app","recipe-to-cart-pvzluxdt8-poweredbyml.vercel.app","dpl_EphRi4dm7zEJ5y6mAft8QpewqRUV",-1,"iad1",-1,-1,"[Process Image Handler] ===== FUNCTION HANDLER ENTERED =====","prj_hVf7LhfynWKV0VOiitP5BJqqZVGs"
"2025-04-22 21:25:44",1745357144330,"recipe-to-cart-pvzluxdt8-poweredbyml.vercel.app/api/process-image","POST","",-1,"9c87f-1745357144061-52be626d9f50","node","info","preview","image-processing-debugging","MISS","lambda","/backend/server.js","recipe-to-cart-pvzluxdt8-poweredbyml.vercel.app","recipe-to-cart-pvzluxdt8-poweredbyml.vercel.app","dpl_EphRi4dm7zEJ5y6mAft8QpewqRUV",-1,"iad1",-1,-1,"[Process Image Job 6f3e7dc0-6de1-4862-a571-054d7f2e7087] HEIC/HEIF file detected, attempting conversion...","prj_hVf7LhfynWKV0VOiitP5BJqqZVGs"
"2025-04-22 21:25:44",1745357144315,"recipe-to-cart-pvzluxdt8-poweredbyml.vercel.app/api/process-image","POST","",-1,"9c87f-1745357144061-52be626d9f50","node","info","preview","image-processing-debugging","MISS","lambda","/backend/server.js","recipe-to-cart-pvzluxdt8-poweredbyml.vercel.app","recipe-to-cart-pvzluxdt8-poweredbyml.vercel.app","dpl_EphRi4dm7zEJ5y6mAft8QpewqRUV",-1,"iad1",-1,-1,"[Process Image Job 6f3e7dc0-6de1-4862-a571-054d7f2e7087] Image downloaded. Size: 1647123 bytes.","prj_hVf7LhfynWKV0VOiitP5BJqqZVGs"
"2025-04-22 21:25:44",1745357144303,"recipe-to-cart-pvzluxdt8-poweredbyml.vercel.app/api/process-image","POST","",-1,"6pg4d-1745357141937-161214973e7c","node","info","preview","image-processing-debugging","MISS","lambda","/backend/server.js","recipe-to-cart-pvzluxdt8-poweredbyml.vercel.app","recipe-to-cart-pvzluxdt8-poweredbyml.vercel.app","dpl_EphRi4dm7zEJ5y6mAft8QpewqRUV",-1,"iad1",-1,-1,"[Process Image Job 800ba75d-3908-4808-abd0-a5890a44f94d] HEIC/HEIF file detected, attempting conversion...","prj_hVf7LhfynWKV0VOiitP5BJqqZVGs"
"2025-04-22 21:25:44",1745357144303,"recipe-to-cart-pvzluxdt8-poweredbyml.vercel.app/api/process-image","POST","",-1,"6pg4d-1745357141937-161214973e7c","node","info","preview","image-processing-debugging","MISS","lambda","/backend/server.js","recipe-to-cart-pvzluxdt8-poweredbyml.vercel.app","recipe-to-cart-pvzluxdt8-poweredbyml.vercel.app","dpl_EphRi4dm7zEJ5y6mAft8QpewqRUV",-1,"iad1",-1,-1,"[Process Image Job 800ba75d-3908-4808-abd0-a5890a44f94d] Image downloaded. Size: 1418858 bytes.","prj_hVf7LhfynWKV0VOiitP5BJqqZVGs"
"2025-04-22 21:25:44",1745357144236,"recipe-to-cart-pvzluxdt8-poweredbyml.vercel.app/api/process-image","POST","",-1,"9c87f-1745357144061-52be626d9f50","node","info","preview","image-processing-debugging","MISS","lambda","/backend/server.js","recipe-to-cart-pvzluxdt8-poweredbyml.vercel.app","recipe-to-cart-pvzluxdt8-poweredbyml.vercel.app","dpl_EphRi4dm7zEJ5y6mAft8QpewqRUV",-1,"iad1",-1,-1,"[Process Image Job 6f3e7dc0-6de1-4862-a571-054d7f2e7087] Downloading image from Blob...","prj_hVf7LhfynWKV0VOiitP5BJqqZVGs"
"2025-04-22 21:25:44",1745357144236,"recipe-to-cart-pvzluxdt8-poweredbyml.vercel.app/api/process-image","POST","",-1,"9c87f-1745357144061-52be626d9f50","node","info","preview","image-processing-debugging","MISS","lambda","/backend/server.js","recipe-to-cart-pvzluxdt8-poweredbyml.vercel.app","recipe-to-cart-pvzluxdt8-poweredbyml.vercel.app","dpl_EphRi4dm7zEJ5y6mAft8QpewqRUV",-1,"iad1",-1,-1,"[Process Image Job 6f3e7dc0-6de1-4862-a571-054d7f2e7087] Retrieved blobUrl: https://bbinqkiqaoatmgyo.public.blob.vercel-storage.com/IMG_7267-Mpde7dP6K6ke0nfB6DTXq1JEFPk1le.HEIC","prj_hVf7LhfynWKV0VOiitP5BJqqZVGs"
"2025-04-22 21:25:44",1745357144236,"recipe-to-cart-pvzluxdt8-poweredbyml.vercel.app/api/process-image","POST","",-1,"9c87f-1745357144061-52be626d9f50","node","info","preview","image-processing-debugging","MISS","lambda","/backend/server.js","recipe-to-cart-pvzluxdt8-poweredbyml.vercel.app","recipe-to-cart-pvzluxdt8-poweredbyml.vercel.app","dpl_EphRi4dm7zEJ5y6mAft8QpewqRUV",-1,"iad1",-1,-1,"[Process Image Job 6f3e7dc0-6de1-4862-a571-054d7f2e7087] Retrieved job data status: pending","prj_hVf7LhfynWKV0VOiitP5BJqqZVGs"
"2025-04-22 21:25:44",1745357144187,"recipe-to-cart-pvzluxdt8-poweredbyml.vercel.app/api/process-image","POST","",-1,"6pg4d-1745357141937-161214973e7c","node","info","preview","image-processing-debugging","MISS","lambda","/backend/server.js","recipe-to-cart-pvzluxdt8-poweredbyml.vercel.app","recipe-to-cart-pvzluxdt8-poweredbyml.vercel.app","dpl_EphRi4dm7zEJ5y6mAft8QpewqRUV",-1,"iad1",-1,-1,"[Process Image Job 800ba75d-3908-4808-abd0-a5890a44f94d] Downloading image from Blob...","prj_hVf7LhfynWKV0VOiitP5BJqqZVGs"
"2025-04-22 21:25:44",1745357144187,"recipe-to-cart-pvzluxdt8-poweredbyml.vercel.app/api/process-image","POST","",-1,"6pg4d-1745357141937-161214973e7c","node","info","preview","image-processing-debugging","MISS","lambda","/backend/server.js","recipe-to-cart-pvzluxdt8-poweredbyml.vercel.app","recipe-to-cart-pvzluxdt8-poweredbyml.vercel.app","dpl_EphRi4dm7zEJ5y6mAft8QpewqRUV",-1,"iad1",-1,-1,"[Process Image Job 800ba75d-3908-4808-abd0-a5890a44f94d] Retrieved blobUrl: https://bbinqkiqaoatmgyo.public.blob.vercel-storage.com/IMG_7180-YTpr54TedwTPBSStZS6AxZTuTcp2fo.HEIC","prj_hVf7LhfynWKV0VOiitP5BJqqZVGs"
"2025-04-22 21:25:44",1745357144186,"recipe-to-cart-pvzluxdt8-poweredbyml.vercel.app/api/process-image","POST","",-1,"6pg4d-1745357141937-161214973e7c","node","info","preview","image-processing-debugging","MISS","lambda","/backend/server.js","recipe-to-cart-pvzluxdt8-poweredbyml.vercel.app","recipe-to-cart-pvzluxdt8-poweredbyml.vercel.app","dpl_EphRi4dm7zEJ5y6mAft8QpewqRUV",-1,"iad1",-1,-1,"[Process Image Job 800ba75d-3908-4808-abd0-a5890a44f94d] Retrieved job data status: pending","prj_hVf7LhfynWKV0VOiitP5BJqqZVGs"
"2025-04-22 21:25:44",1745357144157,"recipe-to-cart-pvzluxdt8-poweredbyml.vercel.app/api/process-image","POST","",-1,"9c87f-1745357144061-52be626d9f50","node","info","preview","image-processing-debugging","MISS","lambda","/backend/server.js","recipe-to-cart-pvzluxdt8-poweredbyml.vercel.app","recipe-to-cart-pvzluxdt8-poweredbyml.vercel.app","dpl_EphRi4dm7zEJ5y6mAft8QpewqRUV",-1,"iad1",-1,-1,"[Process Image Job 6f3e7dc0-6de1-4862-a571-054d7f2e7087] Fetching job details from Redis...","prj_hVf7LhfynWKV0VOiitP5BJqqZVGs"
"2025-04-22 21:25:44",1745357144157,"recipe-to-cart-pvzluxdt8-poweredbyml.vercel.app/api/process-image","POST","",-1,"9c87f-1745357144061-52be626d9f50","node","info","preview","image-processing-debugging","MISS","lambda","/backend/server.js","recipe-to-cart-pvzluxdt8-poweredbyml.vercel.app","recipe-to-cart-pvzluxdt8-poweredbyml.vercel.app","dpl_EphRi4dm7zEJ5y6mAft8QpewqRUV",-1,"iad1",-1,-1,"[Process Image Job 6f3e7dc0-6de1-4862-a571-054d7f2e7087] Starting background processing...","prj_hVf7LhfynWKV0VOiitP5BJqqZVGs"
"2025-04-22 21:25:44",1745357144157,"recipe-to-cart-pvzluxdt8-poweredbyml.vercel.app/api/process-image","POST","",-1,"9c87f-1745357144061-52be626d9f50","node","info","preview","image-processing-debugging","MISS","lambda","/backend/server.js","recipe-to-cart-pvzluxdt8-poweredbyml.vercel.app","recipe-to-cart-pvzluxdt8-poweredbyml.vercel.app","dpl_EphRi4dm7zEJ5y6mAft8QpewqRUV",-1,"iad1",-1,-1,"[Process Image Handler] Received Trigger Secret (masked): ...2a87","prj_hVf7LhfynWKV0VOiitP5BJqqZVGs"
"2025-04-22 21:25:44",1745357144157,"recipe-to-cart-pvzluxdt8-poweredbyml.vercel.app/api/process-image","POST","",-1,"9c87f-1745357144061-52be626d9f50","node","info","preview","image-processing-debugging","MISS","lambda","/backend/server.js","recipe-to-cart-pvzluxdt8-poweredbyml.vercel.app","recipe-to-cart-pvzluxdt8-poweredbyml.vercel.app","dpl_EphRi4dm7zEJ5y6mAft8QpewqRUV",-1,"iad1",-1,-1,"[Process Image Handler] ===== INVOKED =====","prj_hVf7LhfynWKV0VOiitP5BJqqZVGs"
"2025-04-22 21:25:44",1745357144157,"recipe-to-cart-pvzluxdt8-poweredbyml.vercel.app/api/process-image","POST","",-1,"9c87f-1745357144061-52be626d9f50","node","info","preview","image-processing-debugging","MISS","lambda","/backend/server.js","recipe-to-cart-pvzluxdt8-poweredbyml.vercel.app","recipe-to-cart-pvzluxdt8-poweredbyml.vercel.app","dpl_EphRi4dm7zEJ5y6mAft8QpewqRUV",-1,"iad1",-1,-1,"[Process Image Handler] ===== FUNCTION HANDLER ENTERED =====","prj_hVf7LhfynWKV0VOiitP5BJqqZVGs"
"2025-04-22 21:25:44",1745357144108,"recipe-to-cart-pvzluxdt8-poweredbyml.vercel.app/api/process-image","POST","",200,"9c87f-1745357144061-52be626d9f50","node","info","preview","image-processing-debugging","MISS","lambda","/backend/server.js","recipe-to-cart-pvzluxdt8-poweredbyml.vercel.app","recipe-to-cart-pvzluxdt8-poweredbyml.vercel.app","dpl_EphRi4dm7zEJ5y6mAft8QpewqRUV",5298,"iad1",437,1769,"","prj_hVf7LhfynWKV0VOiitP5BJqqZVGs"
"2025-04-22 21:25:43",1745357143990,"recipe-to-cart-pvzluxdt8-poweredbyml.vercel.app/api/process-image","POST","",-1,"6pg4d-1745357141937-161214973e7c","node","info","preview","image-processing-debugging","MISS","lambda","/backend/server.js","recipe-to-cart-pvzluxdt8-poweredbyml.vercel.app","recipe-to-cart-pvzluxdt8-poweredbyml.vercel.app","dpl_EphRi4dm7zEJ5y6mAft8QpewqRUV",-1,"iad1",-1,-1,"[Process Image Job 800ba75d-3908-4808-abd0-a5890a44f94d] Fetching job details from Redis...","prj_hVf7LhfynWKV0VOiitP5BJqqZVGs"
"2025-04-22 21:25:43",1745357143990,"recipe-to-cart-pvzluxdt8-poweredbyml.vercel.app/api/process-image","POST","",-1,"6pg4d-1745357141937-161214973e7c","node","info","preview","image-processing-debugging","MISS","lambda","/backend/server.js","recipe-to-cart-pvzluxdt8-poweredbyml.vercel.app","recipe-to-cart-pvzluxdt8-poweredbyml.vercel.app","dpl_EphRi4dm7zEJ5y6mAft8QpewqRUV",-1,"iad1",-1,-1,"[Process Image Job 800ba75d-3908-4808-abd0-a5890a44f94d] Starting background processing...","prj_hVf7LhfynWKV0VOiitP5BJqqZVGs"
"2025-04-22 21:25:43",1745357143990,"recipe-to-cart-pvzluxdt8-poweredbyml.vercel.app/api/process-image","POST","",-1,"6pg4d-1745357141937-161214973e7c","node","info","preview","image-processing-debugging","MISS","lambda","/backend/server.js","recipe-to-cart-pvzluxdt8-poweredbyml.vercel.app","recipe-to-cart-pvzluxdt8-poweredbyml.vercel.app","dpl_EphRi4dm7zEJ5y6mAft8QpewqRUV",-1,"iad1",-1,-1,"[Process Image Handler] Received Trigger Secret (masked): ...2a87","prj_hVf7LhfynWKV0VOiitP5BJqqZVGs"
"2025-04-22 21:25:43",1745357143990,"recipe-to-cart-pvzluxdt8-poweredbyml.vercel.app/api/process-image","POST","",-1,"6pg4d-1745357141937-161214973e7c","node","info","preview","image-processing-debugging","MISS","lambda","/backend/server.js","recipe-to-cart-pvzluxdt8-poweredbyml.vercel.app","recipe-to-cart-pvzluxdt8-poweredbyml.vercel.app","dpl_EphRi4dm7zEJ5y6mAft8QpewqRUV",-1,"iad1",-1,-1,"[Process Image Handler] ===== INVOKED =====","prj_hVf7LhfynWKV0VOiitP5BJqqZVGs"
"2025-04-22 21:25:43",1745357143990,"recipe-to-cart-pvzluxdt8-poweredbyml.vercel.app/api/process-image","POST","",-1,"6pg4d-1745357141937-161214973e7c","node","info","preview","image-processing-debugging","MISS","lambda","/backend/server.js","recipe-to-cart-pvzluxdt8-poweredbyml.vercel.app","recipe-to-cart-pvzluxdt8-poweredbyml.vercel.app","dpl_EphRi4dm7zEJ5y6mAft8QpewqRUV",-1,"iad1",-1,-1,"[Process Image Handler] ===== FUNCTION HANDLER ENTERED =====","prj_hVf7LhfynWKV0VOiitP5BJqqZVGs"
"2025-04-22 21:25:43",1745357143912,"recipe-to-cart-pvzluxdt8-poweredbyml.vercel.app/api/upload","POST","",202,"pf6hp-1745357143643-0b17dc9add41","Mozilla/5.0 (Macintosh; Intel Mac OS X 10_15_7) AppleWebKit/537.36 (KHTML, like Gecko) Chrome/134.0.0.0 Safari/537.36","info","preview","image-processing-debugging","MISS","lambda","/backend/server.js","recipe-to-cart-pvzluxdt8-poweredbyml.vercel.app","recipe-to-cart-pvzluxdt8-poweredbyml.vercel.app","dpl_EphRi4dm7zEJ5y6mAft8QpewqRUV",488,"iad1",200,1769,"","prj_hVf7LhfynWKV0VOiitP5BJqqZVGs"
"2025-04-22 21:25:43",1745357143517,"recipe-to-cart-pvzluxdt8-poweredbyml.vercel.app/api/upload","POST","",-1,"mxnmw-1745357142446-7cf37409365d","Mozilla/5.0 (Macintosh; Intel Mac OS X 10_15_7) AppleWebKit/537.36 (KHTML, like Gecko) Chrome/134.0.0.0 Safari/537.36","info","preview","image-processing-debugging","MISS","lambda","/backend/server.js","recipe-to-cart-pvzluxdt8-poweredbyml.vercel.app","recipe-to-cart-pvzluxdt8-poweredbyml.vercel.app","dpl_EphRi4dm7zEJ5y6mAft8QpewqRUV",-1,"iad1",-1,-1,"[Async Upload] Received 1 files.
[Async Upload] Processing file: IMG_7267.HEIC, size: 1647123 bytes
[Async Upload] Generated Job ID: 6f3e7dc0-6de1-4862-a571-054d7f2e7087
[Async Upload Job 6f3e7dc0-6de1-4862-a571-054d7f2e7087] Uploading image to Vercel Blob...
[Async Upload Job 6f3e7dc0-6de1-4862-a571-054d7f2e7087] Image uploaded to: https://bbinqkiqaoatmgyo.public.blob.vercel-storage.com/IMG_7267-Mpde7dP6K6ke0nfB6DTXq1JEFPk1le.HEIC
[Async Upload Job 6f3e7dc0-6de1-4862-a571-054d7f2e7087] Storing initial job state in Redis...
[Async Upload Job 6f3e7dc0-6de1-4862-a571-054d7f2e7087] Initial job state stored.
[Async Upload Job 6f3e7dc0-6de1-4862-a571-054d7f2e7087] Triggering background processing at: https://recipe-to-cart-pvzluxdt8-poweredbyml.vercel.app/api/process-image
[Async Upload Job 6f3e7dc0-6de1-4862-a571-054d7f2e7087] Trigger URL used: https://recipe-to-cart-pvzluxdt8-poweredbyml.vercel.app/api/process-image
[Async Upload Job 6f3e7dc0-6de1-4862-a571-054d7f2e7087] Sending trigger secret (masked): ...2a87
[Async Upload Job 6f3e7dc0-6de1-4862-a571-054d7f2e7087] Background process fetch dispatched (fire-and-forget).
[Async Upload Job 6f3e7dc0-6de1-4862-a571-054d7f2e7087] Sent 202 Accepted to client.","prj_hVf7LhfynWKV0VOiitP5BJqqZVGs"
"2025-04-22 21:25:43",1745357143266,"recipe-to-cart-pvzluxdt8-poweredbyml.vercel.app/api/process-image","POST","",200,"2bjhp-1745357143224-6681418e2e93","node","info","preview","image-processing-debugging","MISS","lambda","/backend/server.js","recipe-to-cart-pvzluxdt8-poweredbyml.vercel.app","recipe-to-cart-pvzluxdt8-poweredbyml.vercel.app","dpl_EphRi4dm7zEJ5y6mAft8QpewqRUV",5933,"iad1",478,1769,"","prj_hVf7LhfynWKV0VOiitP5BJqqZVGs"
"2025-04-22 21:25:42",1745357142724,"recipe-to-cart-pvzluxdt8-poweredbyml.vercel.app/api/upload","POST","",202,"mxnmw-1745357142446-7cf37409365d","Mozilla/5.0 (Macintosh; Intel Mac OS X 10_15_7) AppleWebKit/537.36 (KHTML, like Gecko) Chrome/134.0.0.0 Safari/537.36","info","preview","image-processing-debugging","MISS","lambda","/backend/server.js","recipe-to-cart-pvzluxdt8-poweredbyml.vercel.app","recipe-to-cart-pvzluxdt8-poweredbyml.vercel.app","dpl_EphRi4dm7zEJ5y6mAft8QpewqRUV",305,"iad1",203,1769,"","prj_hVf7LhfynWKV0VOiitP5BJqqZVGs"
"2025-04-22 21:25:42",1745357142378,"recipe-to-cart-pvzluxdt8-poweredbyml.vercel.app/api/upload","POST","",-1,"mxnmw-1745357140971-d635259be3c8","Mozilla/5.0 (Macintosh; Intel Mac OS X 10_15_7) AppleWebKit/537.36 (KHTML, like Gecko) Chrome/134.0.0.0 Safari/537.36","info","preview","image-processing-debugging","MISS","lambda","/backend/server.js","recipe-to-cart-pvzluxdt8-poweredbyml.vercel.app","recipe-to-cart-pvzluxdt8-poweredbyml.vercel.app","dpl_EphRi4dm7zEJ5y6mAft8QpewqRUV",-1,"iad1",-1,-1,"[Async Upload] Received 1 files.
[Async Upload] Processing file: IMG_7181.HEIC, size: 1922558 bytes
[Async Upload] Generated Job ID: 15fb5628-9e48-4c6d-b46b-c61a03dfd249
[Async Upload Job 15fb5628-9e48-4c6d-b46b-c61a03dfd249] Uploading image to Vercel Blob...
[Async Upload Job 15fb5628-9e48-4c6d-b46b-c61a03dfd249] Image uploaded to: https://bbinqkiqaoatmgyo.public.blob.vercel-storage.com/IMG_7181-B1xm0NXqBMCKLRmT4prKHspAqImAjO.HEIC
[Async Upload Job 15fb5628-9e48-4c6d-b46b-c61a03dfd249] Storing initial job state in Redis...
[Async Upload Job 15fb5628-9e48-4c6d-b46b-c61a03dfd249] Initial job state stored.
[Async Upload Job 15fb5628-9e48-4c6d-b46b-c61a03dfd249] Triggering background processing at: https://recipe-to-cart-pvzluxdt8-poweredbyml.vercel.app/api/process-image
[Async Upload Job 15fb5628-9e48-4c6d-b46b-c61a03dfd249] Trigger URL used: https://recipe-to-cart-pvzluxdt8-poweredbyml.vercel.app/api/process-image
[Async Upload Job 15fb5628-9e48-4c6d-b46b-c61a03dfd249] Sending trigger secret (masked): ...2a87
[Async Upload Job 15fb5628-9e48-4c6d-b46b-c61a03dfd249] Background process fetch dispatched (fire-and-forget).
[Async Upload Job 15fb5628-9e48-4c6d-b46b-c61a03dfd249] Sent 202 Accepted to client.","prj_hVf7LhfynWKV0VOiitP5BJqqZVGs"
"2025-04-22 21:25:42",1745357142000,"recipe-to-cart-pvzluxdt8-poweredbyml.vercel.app/api/process-image","POST","",200,"6pg4d-1745357141937-161214973e7c","node","info","preview","image-processing-debugging","MISS","lambda","/backend/server.js","recipe-to-cart-pvzluxdt8-poweredbyml.vercel.app","recipe-to-cart-pvzluxdt8-poweredbyml.vercel.app","dpl_EphRi4dm7zEJ5y6mAft8QpewqRUV",5439,"iad1",472,1769,"","prj_hVf7LhfynWKV0VOiitP5BJqqZVGs"
"2025-04-22 21:25:41",1745357141359,"recipe-to-cart-pvzluxdt8-poweredbyml.vercel.app/api/upload","POST","",202,"mxnmw-1745357140971-d635259be3c8","Mozilla/5.0 (Macintosh; Intel Mac OS X 10_15_7) AppleWebKit/537.36 (KHTML, like Gecko) Chrome/134.0.0.0 Safari/537.36","info","preview","image-processing-debugging","MISS","lambda","/backend/server.js","recipe-to-cart-pvzluxdt8-poweredbyml.vercel.app","recipe-to-cart-pvzluxdt8-poweredbyml.vercel.app","dpl_EphRi4dm7zEJ5y6mAft8QpewqRUV",447,"iad1",199,1769,"","prj_hVf7LhfynWKV0VOiitP5BJqqZVGs"
"2025-04-22 21:25:40",1745357140932,"recipe-to-cart-pvzluxdt8-poweredbyml.vercel.app/api/upload","POST","",-1,"xkg2p-1745357139620-73612f986791","Mozilla/5.0 (Macintosh; Intel Mac OS X 10_15_7) AppleWebKit/537.36 (KHTML, like Gecko) Chrome/134.0.0.0 Safari/537.36","info","preview","image-processing-debugging","MISS","lambda","/backend/server.js","recipe-to-cart-pvzluxdt8-poweredbyml.vercel.app","recipe-to-cart-pvzluxdt8-poweredbyml.vercel.app","dpl_EphRi4dm7zEJ5y6mAft8QpewqRUV",-1,"iad1",-1,-1,"[Async Upload] Received 1 files.
[Async Upload] Processing file: IMG_7180.HEIC, size: 1418858 bytes
[Async Upload] Generated Job ID: 800ba75d-3908-4808-abd0-a5890a44f94d
[Async Upload Job 800ba75d-3908-4808-abd0-a5890a44f94d] Uploading image to Vercel Blob...
[Async Upload Job 800ba75d-3908-4808-abd0-a5890a44f94d] Image uploaded to: https://bbinqkiqaoatmgyo.public.blob.vercel-storage.com/IMG_7180-YTpr54TedwTPBSStZS6AxZTuTcp2fo.HEIC
[Async Upload Job 800ba75d-3908-4808-abd0-a5890a44f94d] Storing initial job state in Redis...
[Async Upload Job 800ba75d-3908-4808-abd0-a5890a44f94d] Initial job state stored.
[Async Upload Job 800ba75d-3908-4808-abd0-a5890a44f94d] Triggering background processing at: https://recipe-to-cart-pvzluxdt8-poweredbyml.vercel.app/api/process-image
[Async Upload Job 800ba75d-3908-4808-abd0-a5890a44f94d] Trigger URL used: https://recipe-to-cart-pvzluxdt8-poweredbyml.vercel.app/api/process-image
[Async Upload Job 800ba75d-3908-4808-abd0-a5890a44f94d] Sending trigger secret (masked): ...2a87
[Async Upload Job 800ba75d-3908-4808-abd0-a5890a44f94d] Background process fetch dispatched (fire-and-forget).
[Async Upload Job 800ba75d-3908-4808-abd0-a5890a44f94d] Sent 202 Accepted to client.","prj_hVf7LhfynWKV0VOiitP5BJqqZVGs"
"2025-04-22 21:25:40",1745357140045,"recipe-to-cart-pvzluxdt8-poweredbyml.vercel.app/api/upload","POST","",202,"xkg2p-1745357139620-73612f986791","Mozilla/5.0 (Macintosh; Intel Mac OS X 10_15_7) AppleWebKit/537.36 (KHTML, like Gecko) Chrome/134.0.0.0 Safari/537.36","info","preview","image-processing-debugging","MISS","lambda","/backend/server.js","recipe-to-cart-pvzluxdt8-poweredbyml.vercel.app","recipe-to-cart-pvzluxdt8-poweredbyml.vercel.app","dpl_EphRi4dm7zEJ5y6mAft8QpewqRUV",535,"iad1",189,1769,"","prj_hVf7LhfynWKV0VOiitP5BJqqZVGs"
